year,harvest,block,treatment,group,biomass_g,biog
2016,Mid,A,Ambient,Bryophytes,2.8,0.7
2016,Mid,A,Ambient,Dead,18,4.5
2016,Mid,A,Ambient,Forbs,66,16.5
2016,Mid,A,Ambient,Graminoids,198.8,49.7
2016,Mid,A,Ambient,Legumes,30.8,7.7
2016,Mid,A,Ambient,Woody,0,0
2016,Mid,A,Procedural,Bryophytes,1.2,0.3
2016,Mid,A,Procedural,Dead,9.6,2.4
2016,Mid,A,Procedural,Forbs,80,20
2016,Mid,A,Procedural,Graminoids,186.8,46.7
2016,Mid,A,Procedural,Legumes,14.4,3.6
2016,Mid,A,Procedural,Woody,4,1
2016,Mid,A,Drought,Bryophytes,2,0.5
2016,Mid,A,Drought,Dead,5.6,1.4
2016,Mid,A,Drought,Forbs,70.8,17.7
2016,Mid,A,Drought,Graminoids,170.8,42.7
2016,Mid,A,Drought,Legumes,21.6,5.4
2016,Mid,A,Drought,Woody,2.8,0.7
2016,Mid,A,Irrigated,Bryophytes,4,1
2016,Mid,A,Irrigated,Dead,11.2,2.8
2016,Mid,A,Irrigated,Forbs,33.2,8.3
2016,Mid,A,Irrigated,Graminoids,176,44
2016,Mid,A,Irrigated,Legumes,124,31
2016,Mid,A,Irrigated,Woody,0,0
2016,Mid,B,Ambient,Bryophytes,0,0
2016,Mid,B,Ambient,Dead,13.6,3.4
2016,Mid,B,Ambient,Forbs,128.8,32.2
2016,Mid,B,Ambient,Graminoids,245.6,61.4
2016,Mid,B,Ambient,Legumes,93.2,23.3
2016,Mid,B,Ambient,Woody,33.2,8.3
2016,Mid,B,Procedural,Bryophytes,0.8,0.2
2016,Mid,B,Procedural,Dead,12.4,3.1
2016,Mid,B,Procedural,Forbs,40.8,10.2
2016,Mid,B,Procedural,Graminoids,239.2,59.8
2016,Mid,B,Procedural,Legumes,68.8,17.2
2016,Mid,B,Procedural,Woody,0,0
2016,Mid,B,Drought,Bryophytes,0.8,0.2
2016,Mid,B,Drought,Dead,45.6,11.4
2016,Mid,B,Drought,Forbs,225.2,56.3
2016,Mid,B,Drought,Graminoids,317.2,79.3
2016,Mid,B,Drought,Legumes,70.4,17.6
2016,Mid,B,Drought,Woody,18.8,4.7
2016,Mid,B,Irrigated,Bryophytes,5.2,1.3
2016,Mid,B,Irrigated,Dead,10,2.5
2016,Mid,B,Irrigated,Forbs,57.2,14.3
2016,Mid,B,Irrigated,Graminoids,222,55.5
2016,Mid,B,Irrigated,Legumes,10,2.5
2016,Mid,B,Irrigated,Woody,4,1
2016,Mid,C,Ambient,Bryophytes,6.4,1.6
2016,Mid,C,Ambient,Dead,25.2,6.3
2016,Mid,C,Ambient,Forbs,8.8,2.2
2016,Mid,C,Ambient,Graminoids,199.6,49.9
2016,Mid,C,Ambient,Legumes,129.2,32.3
2016,Mid,C,Ambient,Woody,0,0
2016,Mid,C,Procedural,Bryophytes,0,0
2016,Mid,C,Procedural,Dead,1.2,0.3
2016,Mid,C,Procedural,Forbs,3.2,0.8
2016,Mid,C,Procedural,Graminoids,118.8,29.7
2016,Mid,C,Procedural,Legumes,104.8,26.2
2016,Mid,C,Procedural,Woody,5.2,1.3
2016,Mid,C,Drought,Bryophytes,0,0
2016,Mid,C,Drought,Dead,2,0.5
2016,Mid,C,Drought,Forbs,61.6,15.4
2016,Mid,C,Drought,Graminoids,108,27
2016,Mid,C,Drought,Legumes,56.4,14.1
2016,Mid,C,Drought,Woody,0.8,0.2
2016,Mid,C,Irrigated,Bryophytes,2.4,0.6
2016,Mid,C,Irrigated,Dead,4.4,1.1
2016,Mid,C,Irrigated,Forbs,34.4,8.6
2016,Mid,C,Irrigated,Graminoids,200.8,50.2
2016,Mid,C,Irrigated,Legumes,4.4,1.1
2016,Mid,C,Irrigated,Woody,0,0
2016,Mid,D,Ambient,Bryophytes,1.2,0.3
2016,Mid,D,Ambient,Dead,4,1
2016,Mid,D,Ambient,Forbs,53.2,13.3
2016,Mid,D,Ambient,Graminoids,95.2,23.8
2016,Mid,D,Ambient,Legumes,35.2,8.8
2016,Mid,D,Ambient,Woody,3.6,0.9
2016,Mid,D,Procedural,Bryophytes,4,1
2016,Mid,D,Procedural,Dead,18.8,4.7
2016,Mid,D,Procedural,Forbs,16.4,4.1
2016,Mid,D,Procedural,Graminoids,317.6,79.4
2016,Mid,D,Procedural,Legumes,3.6,0.9
2016,Mid,D,Procedural,Woody,0,0
2016,Mid,D,Drought,Bryophytes,0,0
2016,Mid,D,Drought,Dead,18.4,4.6
2016,Mid,D,Drought,Forbs,206.8,51.7
2016,Mid,D,Drought,Graminoids,202.8,50.7
2016,Mid,D,Drought,Legumes,21.2,5.3
2016,Mid,D,Drought,Woody,4,1
2016,Mid,D,Irrigated,Bryophytes,2.8,0.7
2016,Mid,D,Irrigated,Dead,8,2
2016,Mid,D,Irrigated,Forbs,56,14
2016,Mid,D,Irrigated,Graminoids,270.8,67.7
2016,Mid,D,Irrigated,Legumes,9.6,2.4
2016,Mid,D,Irrigated,Woody,1.6,0.4
2016,Mid,E,Ambient,Bryophytes,10,2.5
2016,Mid,E,Ambient,Dead,28.8,7.2
2016,Mid,E,Ambient,Forbs,41.6,10.4
2016,Mid,E,Ambient,Graminoids,172,43
2016,Mid,E,Ambient,Legumes,12.8,3.2
2016,Mid,E,Ambient,Woody,9.2,2.3
2016,Mid,E,Procedural,Bryophytes,4,1
2016,Mid,E,Procedural,Dead,5.2,1.3
2016,Mid,E,Procedural,Forbs,34,8.5
2016,Mid,E,Procedural,Graminoids,102.8,25.7
2016,Mid,E,Procedural,Legumes,73.6,18.4
2016,Mid,E,Procedural,Woody,0,0
2016,Mid,E,Drought,Bryophytes,2,0.5
2016,Mid,E,Drought,Dead,8,2
2016,Mid,E,Drought,Forbs,56,14
2016,Mid,E,Drought,Graminoids,259.2,64.8
2016,Mid,E,Drought,Legumes,53.6,13.4
2016,Mid,E,Drought,Woody,109.2,27.3
2016,Mid,E,Irrigated,Bryophytes,2.8,0.7
2016,Mid,E,Irrigated,Dead,9.6,2.4
2016,Mid,E,Irrigated,Forbs,25.2,6.3
2016,Mid,E,Irrigated,Graminoids,206.4,51.6
2016,Mid,E,Irrigated,Legumes,8,2
2016,Mid,E,Irrigated,Woody,0,0
2016,End,A,Ambient,Bryophytes,1.2,0.3
2016,End,A,Ambient,Dead,22.8,5.7
2016,End,A,Ambient,Forbs,14,3.5
2016,End,A,Ambient,Graminoids,36.4,9.1
2016,End,A,Ambient,Legumes,12.8,3.2
2016,End,A,Ambient,Woody,0,0
2016,End,A,Procedural,Bryophytes,4,1
2016,End,A,Procedural,Dead,6.8,1.7
2016,End,A,Procedural,Forbs,5.6,1.4
2016,End,A,Procedural,Graminoids,8.8,2.2
2016,End,A,Procedural,Legumes,4,1
2016,End,A,Procedural,Woody,0,0
2016,End,A,Drought,Bryophytes,2.4,0.6
2016,End,A,Drought,Dead,10,2.5
2016,End,A,Drought,Forbs,1.6,0.4
2016,End,A,Drought,Graminoids,3.2,0.8
2016,End,A,Drought,Legumes,4,1
2016,End,A,Drought,Woody,0,0
2016,End,A,Irrigated,Bryophytes,4,1
2016,End,A,Irrigated,Dead,16.8,4.2
2016,End,A,Irrigated,Forbs,1.6,0.4
2016,End,A,Irrigated,Graminoids,45.2,11.3
2016,End,A,Irrigated,Legumes,3.6,0.9
2016,End,A,Irrigated,Woody,0,0
2016,End,B,Ambient,Bryophytes,4,1
2016,End,B,Ambient,Dead,4,1
2016,End,B,Ambient,Forbs,7.6,1.9
2016,End,B,Ambient,Graminoids,51.2,12.8
2016,End,B,Ambient,Legumes,0.8,0.2
2016,End,B,Ambient,Woody,1.2,0.3
2016,End,B,Procedural,Bryophytes,4,1
2016,End,B,Procedural,Dead,4,1
2016,End,B,Procedural,Forbs,3.2,0.8
2016,End,B,Procedural,Graminoids,30.8,7.7
2016,End,B,Procedural,Legumes,4.8,1.2
2016,End,B,Procedural,Woody,0,0
2016,End,B,Drought,Bryophytes,4,1
2016,End,B,Drought,Dead,7.2,1.8
2016,End,B,Drought,Forbs,5.2,1.3
2016,End,B,Drought,Graminoids,4,1
2016,End,B,Drought,Legumes,0,0
2016,End,B,Drought,Woody,5.6,1.4
2016,End,B,Irrigated,Bryophytes,0.8,0.2
2016,End,B,Irrigated,Dead,6,1.5
2016,End,B,Irrigated,Forbs,4.8,1.2
2016,End,B,Irrigated,Graminoids,31.6,7.9
2016,End,B,Irrigated,Legumes,4,1
2016,End,B,Irrigated,Woody,10,2.5
2016,End,C,Ambient,Bryophytes,4,1
2016,End,C,Ambient,Dead,4,1
2016,End,C,Ambient,Forbs,0.8,0.2
2016,End,C,Ambient,Graminoids,38,9.5
2016,End,C,Ambient,Legumes,4.4,1.1
2016,End,C,Ambient,Woody,0,0
2016,End,C,Procedural,Bryophytes,4,1
2016,End,C,Procedural,Dead,4,1
2016,End,C,Procedural,Forbs,0.8,0.2
2016,End,C,Procedural,Graminoids,34,8.5
2016,End,C,Procedural,Legumes,6.4,1.6
2016,End,C,Procedural,Woody,10.4,2.6
2016,End,C,Drought,Bryophytes,0,0
2016,End,C,Drought,Dead,8.4,2.1
2016,End,C,Drought,Forbs,8,2
2016,End,C,Drought,Graminoids,15.6,3.9
2016,End,C,Drought,Legumes,9.6,2.4
2016,End,C,Drought,Woody,0,0
2016,End,C,Irrigated,Bryophytes,4,1
2016,End,C,Irrigated,Dead,0.8,0.2
2016,End,C,Irrigated,Forbs,2,0.5
2016,End,C,Irrigated,Graminoids,22.8,5.7
2016,End,C,Irrigated,Legumes,0.8,0.2
2016,End,C,Irrigated,Woody,0,0
2016,End,D,Ambient,Bryophytes,1.6,0.4
2016,End,D,Ambient,Dead,14.8,3.7
2016,End,D,Ambient,Forbs,8.4,2.1
2016,End,D,Ambient,Graminoids,33.2,8.3
2016,End,D,Ambient,Legumes,7.6,1.9
2016,End,D,Ambient,Woody,0,0
2016,End,D,Procedural,Bryophytes,16.8,4.2
2016,End,D,Procedural,Dead,10,2.5
2016,End,D,Procedural,Forbs,2,0.5
2016,End,D,Procedural,Graminoids,12,3
2016,End,D,Procedural,Legumes,4,1
2016,End,D,Procedural,Woody,0,0
2016,End,D,Drought,Bryophytes,0,0
2016,End,D,Drought,Dead,11.6,2.9
2016,End,D,Drought,Forbs,9.2,2.3
2016,End,D,Drought,Graminoids,4,1
2016,End,D,Drought,Legumes,4,1
2016,End,D,Drought,Woody,0,0
2016,End,D,Irrigated,Bryophytes,0,0
2016,End,D,Irrigated,Dead,38.4,9.6
2016,End,D,Irrigated,Forbs,9.2,2.3
2016,End,D,Irrigated,Graminoids,82,20.5
2016,End,D,Irrigated,Legumes,6.8,1.7
2016,End,D,Irrigated,Woody,0,0
2016,End,E,Ambient,Bryophytes,5.2,1.3
2016,End,E,Ambient,Dead,14.8,3.7
2016,End,E,Ambient,Forbs,7.2,1.8
2016,End,E,Ambient,Graminoids,30.8,7.7
2016,End,E,Ambient,Legumes,4,1
2016,End,E,Ambient,Woody,0,0
2016,End,E,Procedural,Bryophytes,4,1
2016,End,E,Procedural,Dead,2,0.5
2016,End,E,Procedural,Forbs,3.6,0.9
2016,End,E,Procedural,Graminoids,34.4,8.6
2016,End,E,Procedural,Legumes,4,1
2016,End,E,Procedural,Woody,0,0
2016,End,E,Drought,Bryophytes,4,1
2016,End,E,Drought,Dead,13.2,3.3
2016,End,E,Drought,Forbs,1.6,0.4
2016,End,E,Drought,Graminoids,3.2,0.8
2016,End,E,Drought,Legumes,4,1
2016,End,E,Drought,Woody,14.4,3.6
2016,End,E,Irrigated,Bryophytes,3.2,0.8
2016,End,E,Irrigated,Dead,4,1
2016,End,E,Irrigated,Forbs,2,0.5
2016,End,E,Irrigated,Graminoids,60,15
2016,End,E,Irrigated,Legumes,1.6,0.4
2016,End,E,Irrigated,Woody,0,0
2017,Mid,A,Ambient,Bryophytes,0,0
2017,Mid,A,Ambient,Dead,5.2,1.3
2017,Mid,A,Ambient,Forbs,42,10.5
2017,Mid,A,Ambient,Graminoids,157.6,39.4
2017,Mid,A,Ambient,Legumes,16,4
2017,Mid,A,Ambient,Woody,0,0
2017,Mid,A,Procedural,Bryophytes,0,0
2017,Mid,A,Procedural,Dead,3.6,0.9
2017,Mid,A,Procedural,Forbs,39.6,9.9
2017,Mid,A,Procedural,Graminoids,103.6,25.9
2017,Mid,A,Procedural,Legumes,5.6,1.4
2017,Mid,A,Procedural,Woody,0,0
2017,Mid,A,Drought,Bryophytes,4.4,1.1
2017,Mid,A,Drought,Dead,4.4,1.1
2017,Mid,A,Drought,Forbs,36.8,9.2
2017,Mid,A,Drought,Graminoids,58,14.5
2017,Mid,A,Drought,Legumes,0,0
2017,Mid,A,Drought,Woody,68.8,17.2
2017,Mid,A,Irrigated,Bryophytes,0,0
2017,Mid,A,Irrigated,Dead,10.4,2.6
2017,Mid,A,Irrigated,Forbs,41.6,10.4
2017,Mid,A,Irrigated,Graminoids,250.4,62.6
2017,Mid,A,Irrigated,Legumes,119.2,29.8
2017,Mid,A,Irrigated,Woody,16.4,4.1
2017,Mid,B,Ambient,Bryophytes,0,0
2017,Mid,B,Ambient,Dead,10.8,2.7
2017,Mid,B,Ambient,Forbs,20,5
2017,Mid,B,Ambient,Graminoids,182,45.5
2017,Mid,B,Ambient,Legumes,27.6,6.9
2017,Mid,B,Ambient,Woody,14,3.5
2017,Mid,B,Procedural,Bryophytes,0,0
2017,Mid,B,Procedural,Dead,5.2,1.3
2017,Mid,B,Procedural,Forbs,19.6,4.9
2017,Mid,B,Procedural,Graminoids,90.4,22.6
2017,Mid,B,Procedural,Legumes,88,22
2017,Mid,B,Procedural,Woody,0,0
2017,Mid,B,Drought,Bryophytes,0,0
2017,Mid,B,Drought,Dead,7.2,1.8
2017,Mid,B,Drought,Forbs,38.4,9.6
2017,Mid,B,Drought,Graminoids,44.8,11.2
2017,Mid,B,Drought,Legumes,22.4,5.6
2017,Mid,B,Drought,Woody,4.8,1.2
2017,Mid,B,Irrigated,Bryophytes,0,0
2017,Mid,B,Irrigated,Dead,0,0
2017,Mid,B,Irrigated,Forbs,26,6.5
2017,Mid,B,Irrigated,Graminoids,60,15
2017,Mid,B,Irrigated,Legumes,5.6,1.4
2017,Mid,B,Irrigated,Woody,22,5.5
2017,Mid,C,Ambient,Bryophytes,0,0
2017,Mid,C,Ambient,Dead,4,1
2017,Mid,C,Ambient,Forbs,5.6,1.4
2017,Mid,C,Ambient,Graminoids,96.8,24.2
2017,Mid,C,Ambient,Legumes,28.4,7.1
2017,Mid,C,Ambient,Woody,0,0
2017,Mid,C,Procedural,Bryophytes,0,0
2017,Mid,C,Procedural,Dead,2,0.5
2017,Mid,C,Procedural,Forbs,0,0
2017,Mid,C,Procedural,Graminoids,102.8,25.7
2017,Mid,C,Procedural,Legumes,86.8,21.7
2017,Mid,C,Procedural,Woody,0,0
2017,Mid,C,Drought,Bryophytes,0,0
2017,Mid,C,Drought,Dead,4,1
2017,Mid,C,Drought,Forbs,28.8,7.2
2017,Mid,C,Drought,Graminoids,52,13
2017,Mid,C,Drought,Legumes,128.4,32.1
2017,Mid,C,Drought,Woody,0,0
2017,Mid,C,Irrigated,Bryophytes,0,0
2017,Mid,C,Irrigated,Dead,0.8,0.2
2017,Mid,C,Irrigated,Forbs,47.6,11.9
2017,Mid,C,Irrigated,Graminoids,67.6,16.9
2017,Mid,C,Irrigated,Legumes,12.4,3.1
2017,Mid,C,Irrigated,Woody,0,0
2017,Mid,D,Ambient,Bryophytes,21.6,5.4
2017,Mid,D,Ambient,Dead,10.4,2.6
2017,Mid,D,Ambient,Forbs,59.2,14.8
2017,Mid,D,Ambient,Graminoids,180.8,45.2
2017,Mid,D,Ambient,Legumes,58.4,14.6
2017,Mid,D,Ambient,Woody,6,1.5
2017,Mid,D,Procedural,Bryophytes,0,0
2017,Mid,D,Procedural,Dead,4,1
2017,Mid,D,Procedural,Forbs,26.8,6.7
2017,Mid,D,Procedural,Graminoids,134.8,33.7
2017,Mid,D,Procedural,Legumes,20.4,5.1
2017,Mid,D,Procedural,Woody,0,0
2017,Mid,D,Drought,Bryophytes,0,0
2017,Mid,D,Drought,Dead,6,1.5
2017,Mid,D,Drought,Forbs,34.8,8.7
2017,Mid,D,Drought,Graminoids,87.6,21.9
2017,Mid,D,Drought,Legumes,4,1
2017,Mid,D,Drought,Woody,5.6,1.4
2017,Mid,D,Irrigated,Bryophytes,4,1
2017,Mid,D,Irrigated,Dead,7.2,1.8
2017,Mid,D,Irrigated,Forbs,79.6,19.9
2017,Mid,D,Irrigated,Graminoids,211.2,52.8
2017,Mid,D,Irrigated,Legumes,16.8,4.2
2017,Mid,D,Irrigated,Woody,0,0
2017,Mid,E,Ambient,Bryophytes,0,0
2017,Mid,E,Ambient,Dead,0.8,0.2
2017,Mid,E,Ambient,Forbs,44.4,11.1
2017,Mid,E,Ambient,Graminoids,86.8,21.7
2017,Mid,E,Ambient,Legumes,8,2
2017,Mid,E,Ambient,Woody,0,0
2017,Mid,E,Procedural,Bryophytes,0,0
2017,Mid,E,Procedural,Dead,1.6,0.4
2017,Mid,E,Procedural,Forbs,18.8,4.7
2017,Mid,E,Procedural,Graminoids,54,13.5
2017,Mid,E,Procedural,Legumes,62.4,15.6
2017,Mid,E,Procedural,Woody,2,0.5
2017,Mid,E,Drought,Bryophytes,0,0
2017,Mid,E,Drought,Dead,3.6,0.9
2017,Mid,E,Drought,Forbs,46,11.5
2017,Mid,E,Drought,Graminoids,58.4,14.6
2017,Mid,E,Drought,Legumes,8,2
2017,Mid,E,Drought,Woody,0,0
2017,Mid,E,Irrigated,Bryophytes,0,0
2017,Mid,E,Irrigated,Dead,3.2,0.8
2017,Mid,E,Irrigated,Forbs,12,3
2017,Mid,E,Irrigated,Graminoids,106,26.5
2017,Mid,E,Irrigated,Legumes,70.8,17.7
2017,Mid,E,Irrigated,Woody,0,0
2017,End,A,Ambient,Bryophytes,52,13
2017,End,A,Ambient,Dead,0.92,0.23
2017,End,A,Ambient,Forbs,18.8,4.7
2017,End,A,Ambient,Graminoids,45.72,11.43
2017,End,A,Ambient,Legumes,28.72,7.18
2017,End,A,Ambient,Woody,0,0
2017,End,A,Procedural,Bryophytes,4,1
2017,End,A,Procedural,Dead,11.72,2.93
2017,End,A,Procedural,Forbs,4.96,1.24
2017,End,A,Procedural,Graminoids,54.68,13.67
2017,End,A,Procedural,Legumes,9.96,2.49
2017,End,A,Procedural,Woody,0,0
2017,End,A,Drought,Bryophytes,0,0
2017,End,A,Drought,Dead,2.12,0.53
2017,End,A,Drought,Forbs,6.08,1.52
2017,End,A,Drought,Graminoids,18.12,4.53
2017,End,A,Drought,Legumes,0.24,0.06
2017,End,A,Drought,Woody,0,0
2017,End,A,Irrigated,Bryophytes,0.04,0.01
2017,End,A,Irrigated,Dead,8.04,2.01
2017,End,A,Irrigated,Forbs,3.44,0.86
2017,End,A,Irrigated,Graminoids,119.64,29.91
2017,End,A,Irrigated,Legumes,25.88,6.47
2017,End,A,Irrigated,Woody,0,0
2017,End,B,Ambient,Bryophytes,0,0
2017,End,B,Ambient,Dead,6.8,1.7
2017,End,B,Ambient,Forbs,11.24,2.81
2017,End,B,Ambient,Graminoids,61.68,15.42
2017,End,B,Ambient,Legumes,29.64,7.41
2017,End,B,Ambient,Woody,0,0
2017,End,B,Procedural,Bryophytes,0,0
2017,End,B,Procedural,Dead,19.32,4.83
2017,End,B,Procedural,Forbs,8.08,2.02
2017,End,B,Procedural,Graminoids,99,24.75
2017,End,B,Procedural,Legumes,35.28,8.82
2017,End,B,Procedural,Woody,0,0
2017,End,B,Drought,Bryophytes,0,0
2017,End,B,Drought,Dead,3.56,0.89
2017,End,B,Drought,Forbs,9.6,2.4
2017,End,B,Drought,Graminoids,17.76,4.44
2017,End,B,Drought,Legumes,1.6,0.4
2017,End,B,Drought,Woody,0,0
2017,End,B,Irrigated,Bryophytes,2.96,0.74
2017,End,B,Irrigated,Dead,5.92,1.48
2017,End,B,Irrigated,Forbs,1.92,0.48
2017,End,B,Irrigated,Graminoids,96.68,24.17
2017,End,B,Irrigated,Legumes,8.04,2.01
2017,End,B,Irrigated,Woody,0,0
2017,End,C,Ambient,Bryophytes,0.24,0.06
2017,End,C,Ambient,Dead,0,0
2017,End,C,Ambient,Forbs,4.2,1.05
2017,End,C,Ambient,Graminoids,66.68,16.67
2017,End,C,Ambient,Legumes,18.04,4.51
2017,End,C,Ambient,Woody,0,0
2017,End,C,Procedural,Bryophytes,0.12,0.03
2017,End,C,Procedural,Dead,12.68,3.17
2017,End,C,Procedural,Forbs,0.32,0.08
2017,End,C,Procedural,Graminoids,59.8,14.95
2017,End,C,Procedural,Legumes,14.4,3.6
2017,End,C,Procedural,Woody,0,0
2017,End,C,Drought,Bryophytes,0.32,0.08
2017,End,C,Drought,Dead,1.96,0.49
2017,End,C,Drought,Forbs,2.6,0.65
2017,End,C,Drought,Graminoids,3.2,0.8
2017,End,C,Drought,Legumes,0,0
2017,End,C,Drought,Woody,0,0
2017,End,C,Irrigated,Bryophytes,4,1
2017,End,C,Irrigated,Dead,8.64,2.16
2017,End,C,Irrigated,Forbs,9.12,2.28
2017,End,C,Irrigated,Graminoids,26.2,6.55
2017,End,C,Irrigated,Legumes,11.44,2.86
2017,End,C,Irrigated,Woody,4,1
2017,End,D,Ambient,Bryophytes,56,14
2017,End,D,Ambient,Dead,9.64,2.41
2017,End,D,Ambient,Forbs,12.72,3.18
2017,End,D,Ambient,Graminoids,76.32,19.08
2017,End,D,Ambient,Legumes,30.72,7.68
2017,End,D,Ambient,Woody,0,0
2017,End,D,Procedural,Bryophytes,4,1
2017,End,D,Procedural,Dead,7.6,1.9
2017,End,D,Procedural,Forbs,4.72,1.18
2017,End,D,Procedural,Graminoids,44.48,11.12
2017,End,D,Procedural,Legumes,1.6,0.4
2017,End,D,Procedural,Woody,0,0
2017,End,D,Drought,Bryophytes,4,1
2017,End,D,Drought,Dead,3.28,0.82
2017,End,D,Drought,Forbs,2.56,0.64
2017,End,D,Drought,Graminoids,13,3.25
2017,End,D,Drought,Legumes,0.2,0.05
2017,End,D,Drought,Woody,0,0
2017,End,D,Irrigated,Bryophytes,1.64,0.41
2017,End,D,Irrigated,Dead,13.8,3.45
2017,End,D,Irrigated,Forbs,16.76,4.19
2017,End,D,Irrigated,Graminoids,74,18.5
2017,End,D,Irrigated,Legumes,18.48,4.62
2017,End,D,Irrigated,Woody,0,0
2017,End,E,Ambient,Bryophytes,0,0
2017,End,E,Ambient,Dead,0,0
2017,End,E,Ambient,Forbs,19.68,4.92
2017,End,E,Ambient,Graminoids,85.32,21.33
2017,End,E,Ambient,Legumes,23.36,5.84
2017,End,E,Ambient,Woody,0,0
2017,End,E,Procedural,Bryophytes,0,0
2017,End,E,Procedural,Dead,5.52,1.38
2017,End,E,Procedural,Forbs,2.76,0.69
2017,End,E,Procedural,Graminoids,23.88,5.97
2017,End,E,Procedural,Legumes,1.84,0.46
2017,End,E,Procedural,Woody,0,0
2017,End,E,Drought,Bryophytes,0,0
2017,End,E,Drought,Dead,13.84,3.46
2017,End,E,Drought,Forbs,47.2,11.8
2017,End,E,Drought,Graminoids,17.48,4.37
2017,End,E,Drought,Legumes,1,0.25
2017,End,E,Drought,Woody,64,16
2017,End,E,Irrigated,Bryophytes,0.36,0.09
2017,End,E,Irrigated,Dead,9.12,2.28
2017,End,E,Irrigated,Forbs,2.08,0.52
2017,End,E,Irrigated,Graminoids,46.96,11.74
2017,End,E,Irrigated,Legumes,2.84,0.71
2017,End,E,Irrigated,Woody,0,0
2018,Mid,A,Ambient,Bryophytes,4,1
2018,Mid,A,Ambient,Dead,14.8,3.7
2018,Mid,A,Ambient,Forbs,71.6,17.9
2018,Mid,A,Ambient,Graminoids,227.6,56.9
2018,Mid,A,Ambient,Legumes,71.2,17.8
2018,Mid,A,Ambient,Woody,0,0
2018,Mid,A,Procedural,Bryophytes,4,1
2018,Mid,A,Procedural,Dead,24,6
2018,Mid,A,Procedural,Forbs,130,32.5
2018,Mid,A,Procedural,Graminoids,169.6,42.4
2018,Mid,A,Procedural,Legumes,103.2,25.8
2018,Mid,A,Procedural,Woody,0,0
2018,Mid,A,Drought,Bryophytes,0,0
2018,Mid,A,Drought,Dead,8,2
2018,Mid,A,Drought,Forbs,8.8,2.2
2018,Mid,A,Drought,Graminoids,58.4,14.6
2018,Mid,A,Drought,Legumes,4,1
2018,Mid,A,Drought,Woody,0,0
2018,Mid,A,Irrigated,Bryophytes,4,1
2018,Mid,A,Irrigated,Dead,30.4,7.6
2018,Mid,A,Irrigated,Forbs,49.6,12.4
2018,Mid,A,Irrigated,Graminoids,248.4,62.1
2018,Mid,A,Irrigated,Legumes,49.2,12.3
2018,Mid,A,Irrigated,Woody,0,0
2018,Mid,B,Ambient,Bryophytes,1.2,0.3
2018,Mid,B,Ambient,Dead,48.8,12.2
2018,Mid,B,Ambient,Forbs,39.2,9.8
2018,Mid,B,Ambient,Graminoids,211.6,52.9
2018,Mid,B,Ambient,Legumes,139.6,34.9
2018,Mid,B,Ambient,Woody,5.6,1.4
2018,Mid,B,Procedural,Bryophytes,2.4,0.6
2018,Mid,B,Procedural,Dead,43.6,10.9
2018,Mid,B,Procedural,Forbs,46.8,11.7
2018,Mid,B,Procedural,Graminoids,206,51.5
2018,Mid,B,Procedural,Legumes,130.4,32.6
2018,Mid,B,Procedural,Legumes,246,61.5
2018,Mid,B,Procedural,Woody,0,0
2018,Mid,B,Drought,Bryophytes,0,0
2018,Mid,B,Drought,Dead,12.8,3.2
2018,Mid,B,Drought,Forbs,192.4,48.1
2018,Mid,B,Drought,Graminoids,189.2,47.3
2018,Mid,B,Drought,Legumes,78.8,19.7
2018,Mid,B,Drought,Woody,0.8,0.2
2018,Mid,B,Irrigated,Bryophytes,6.8,1.7
2018,Mid,B,Irrigated,Dead,34.4,8.6
2018,Mid,B,Irrigated,Forbs,37.2,9.3
2018,Mid,B,Irrigated,Graminoids,153.2,38.3
2018,Mid,B,Irrigated,Legumes,74.4,18.6
2018,Mid,B,Irrigated,Woody,0,0
2018,Mid,C,Ambient,Bryophytes,38.4,9.6
2018,Mid,C,Ambient,Dead,50.4,12.6
2018,Mid,C,Ambient,Forbs,10.4,2.6
2018,Mid,C,Ambient,Graminoids,176.8,44.2
2018,Mid,C,Ambient,Legumes,112.4,28.1
2018,Mid,C,Ambient,Woody,0,0
2018,Mid,C,Procedural,Bryophytes,20.4,5.1
2018,Mid,C,Procedural,Dead,45.6,11.4
2018,Mid,C,Procedural,Forbs,5.6,1.4
2018,Mid,C,Procedural,Graminoids,259.6,64.9
2018,Mid,C,Procedural,Woody,4,1
2018,Mid,C,Drought,Bryophytes,4,1
2018,Mid,C,Drought,Dead,24.4,6.1
2018,Mid,C,Drought,Forbs,66,16.5
2018,Mid,C,Drought,Graminoids,63.2,15.8
2018,Mid,C,Drought,Legumes,190.4,47.6
2018,Mid,C,Drought,Woody,12.4,3.1
2018,Mid,C,Irrigated,Bryophytes,4,1
2018,Mid,C,Irrigated,Dead,36.8,9.2
2018,Mid,C,Irrigated,Forbs,84,21
2018,Mid,C,Irrigated,Graminoids,174.8,43.7
2018,Mid,C,Irrigated,Legumes,116.8,29.2
2018,Mid,C,Irrigated,Woody,0,0
2018,Mid,D,Ambient,Bryophytes,12,3
2018,Mid,D,Ambient,Dead,17.2,4.3
2018,Mid,D,Ambient,Forbs,28,7
2018,Mid,D,Ambient,Graminoids,225.2,56.3
2018,Mid,D,Ambient,Legumes,75.6,18.9
2018,Mid,D,Ambient,Woody,0,0
2018,Mid,D,Procedural,Bryophytes,7.6,1.9
2018,Mid,D,Procedural,Dead,32.8,8.2
2018,Mid,D,Procedural,Forbs,66.8,16.7
2018,Mid,D,Procedural,Graminoids,152.4,38.1
2018,Mid,D,Procedural,Legumes,89.2,22.3
2018,Mid,D,Procedural,Woody,0,0
2018,Mid,D,Drought,Bryophytes,4,1
2018,Mid,D,Drought,Dead,4,1
2018,Mid,D,Drought,Forbs,110.8,27.7
2018,Mid,D,Drought,Graminoids,161.2,40.3
2018,Mid,D,Drought,Legumes,47.6,11.9
2018,Mid,D,Drought,Woody,0,0
2018,Mid,D,Irrigated,Bryophytes,0,0
2018,Mid,D,Irrigated,Dead,6,1.5
2018,Mid,D,Irrigated,Forbs,44.4,11.1
2018,Mid,D,Irrigated,Graminoids,368,92
2018,Mid,D,Irrigated,Legumes,103.6,25.9
2018,Mid,D,Irrigated,Woody,0,0
2018,Mid,E,Ambient,Bryophytes,10.8,2.7
2018,Mid,E,Ambient,Dead,66.8,16.7
2018,Mid,E,Ambient,Forbs,58.8,14.7
2018,Mid,E,Ambient,Graminoids,285.2,71.3
2018,Mid,E,Ambient,Legumes,102.4,25.6
2018,Mid,E,Ambient,Woody,0,0
2018,Mid,E,Procedural,Bryophytes,0,0
2018,Mid,E,Procedural,Dead,6.8,1.7
2018,Mid,E,Procedural,Forbs,70.4,17.6
2018,Mid,E,Procedural,Graminoids,179.2,44.8
2018,Mid,E,Procedural,Legumes,126,31.5
2018,Mid,E,Procedural,Woody,1.2,0.3
2018,Mid,E,Drought,Bryophytes,0,0
2018,Mid,E,Drought,Dead,3.2,0.8
2018,Mid,E,Drought,Forbs,27.6,6.9
2018,Mid,E,Drought,Graminoids,130,32.5
2018,Mid,E,Drought,Legumes,27.2,6.8
2018,Mid,E,Drought,Woody,0.8,0.2
2018,Mid,E,Irrigated,Bryophytes,0,0
2018,Mid,E,Irrigated,Dead,6,1.5
2018,Mid,E,Irrigated,Forbs,12.8,3.2
2018,Mid,E,Irrigated,Graminoids,102.8,25.7
2018,Mid,E,Irrigated,Legumes,65.2,16.3
2018,Mid,E,Irrigated,Woody,0,0
2018,End,A,Ambient,Bryophytes,0,0
2018,End,A,Ambient,Dead,15.2,3.8
2018,End,A,Ambient,Forbs,2.4,0.6
2018,End,A,Ambient,Graminoids,16.8,4.2
2018,End,A,Ambient,Legumes,1.6,0.4
2018,End,A,Ambient,Woody,0,0
2018,End,A,Procedural,Bryophytes,0,0
2018,End,A,Procedural,Dead,3.2,0.8
2018,End,A,Procedural,Forbs,4.4,1.1
2018,End,A,Procedural,Graminoids,26.4,6.6
2018,End,A,Procedural,Legumes,0.8,0.2
2018,End,A,Procedural,Woody,0,0
2018,End,A,Drought,Bryophytes,0,0
2018,End,A,Drought,Dead,0,0
2018,End,A,Drought,Forbs,0.8,0.2
2018,End,A,Drought,Graminoids,0,0
2018,End,A,Drought,Legumes,0,0
2018,End,A,Drought,Woody,0,0
2018,End,A,Irrigated,Bryophytes,0,0
2018,End,A,Irrigated,Dead,17.2,4.3
2018,End,A,Irrigated,Forbs,2.8,0.7
2018,End,A,Irrigated,Graminoids,16.8,4.2
2018,End,A,Irrigated,Legumes,4,1
2018,End,A,Irrigated,Woody,0,0
2018,End,B,Ambient,Bryophytes,0,0
2018,End,B,Ambient,Dead,20,5
2018,End,B,Ambient,Forbs,3.2,0.8
2018,End,B,Ambient,Graminoids,21.6,5.4
2018,End,B,Ambient,Legumes,17.2,4.3
2018,End,B,Ambient,Woody,0,0
2018,End,B,Procedural,Bryophytes,0,0
2018,End,B,Procedural,Dead,4,1
2018,End,B,Procedural,Forbs,0.4,0.1
2018,End,B,Procedural,Graminoids,25.2,6.3
2018,End,B,Procedural,Legumes,9.6,2.4
2018,End,B,Procedural,Woody,0,0
2018,End,B,Drought,Bryophytes,0,0
2018,End,B,Drought,Dead,1.2,0.3
2018,End,B,Drought,Forbs,0,0
2018,End,B,Drought,Graminoids,0,0
2018,End,B,Drought,Legumes,0.4,0.1
2018,End,B,Drought,Woody,0,0
2018,End,B,Irrigated,Bryophytes,0,0
2018,End,B,Irrigated,Dead,5.6,1.4
2018,End,B,Irrigated,Forbs,1.2,0.3
2018,End,B,Irrigated,Graminoids,14,3.5
2018,End,B,Irrigated,Legumes,0.8,0.2
2018,End,B,Irrigated,Woody,2.4,0.6
2018,End,C,Ambient,Bryophytes,0,0
2018,End,C,Ambient,Dead,23.2,5.8
2018,End,C,Ambient,Forbs,0.8,0.2
2018,End,C,Ambient,Graminoids,34.8,8.7
2018,End,C,Ambient,Legumes,18.4,4.6
2018,End,C,Ambient,Woody,0,0
2018,End,C,Procedural,Bryophytes,0,0
2018,End,C,Procedural,Dead,5.2,1.3
2018,End,C,Procedural,Forbs,0,0
2018,End,C,Procedural,Graminoids,24,6
2018,End,C,Procedural,Legumes,10.4,2.6
2018,End,C,Procedural,Woody,0,0
2018,End,C,Drought,Bryophytes,0,0
2018,End,C,Drought,Dead,1.6,0.4
2018,End,C,Drought,Forbs,0.4,0.1
2018,End,C,Drought,Graminoids,0,0
2018,End,C,Drought,Legumes,0.8,0.2
2018,End,C,Drought,Woody,0,0
2018,End,C,Irrigated,Bryophytes,0,0
2018,End,C,Irrigated,Dead,7.6,1.9
2018,End,C,Irrigated,Forbs,3.2,0.8
2018,End,C,Irrigated,Graminoids,33.2,8.3
2018,End,C,Irrigated,Legumes,0.8,0.2
2018,End,C,Irrigated,Woody,0,0
2018,End,D,Ambient,Bryophytes,0,0
2018,End,D,Ambient,Dead,12,3
2018,End,D,Ambient,Forbs,4.4,1.1
2018,End,D,Ambient,Graminoids,13.6,3.4
2018,End,D,Ambient,Legumes,0.8,0.2
2018,End,D,Ambient,Woody,0,0
2018,End,D,Procedural,Bryophytes,0,0
2018,End,D,Procedural,Dead,5.6,1.4
2018,End,D,Procedural,Forbs,1.6,0.4
2018,End,D,Procedural,Graminoids,14.4,3.6
2018,End,D,Procedural,Legumes,0.4,0.1
2018,End,D,Procedural,Woody,0,0
2018,End,D,Drought,Bryophytes,0,0
2018,End,D,Drought,Dead,0,0
2018,End,D,Drought,Forbs,0,0
2018,End,D,Drought,Graminoids,0,0
2018,End,D,Drought,Legumes,0,0
2018,End,D,Drought,Woody,0,0
2018,End,D,Irrigated,Bryophytes,0,0
2018,End,D,Irrigated,Dead,17.6,4.4
2018,End,D,Irrigated,Forbs,4.8,1.2
2018,End,D,Irrigated,Graminoids,32.8,8.2
2018,End,D,Irrigated,Legumes,1.6,0.4
2018,End,D,Irrigated,Woody,0,0
2018,End,E,Ambient,Bryophytes,0,0
2018,End,E,Ambient,Dead,18,4.5
2018,End,E,Ambient,Forbs,0.8,0.2
2018,End,E,Ambient,Graminoids,20.8,5.2
2018,End,E,Ambient,Legumes,0.4,0.1
2018,End,E,Ambient,Woody,0,0
2018,End,E,Procedural,Bryophytes,0,0
2018,End,E,Procedural,Dead,4.8,1.2
2018,End,E,Procedural,Forbs,6.4,1.6
2018,End,E,Procedural,Graminoids,11.6,2.9
2018,End,E,Procedural,Legumes,6,1.5
2018,End,E,Procedural,Woody,0,0
2018,End,E,Drought,Bryophytes,0,0
2018,End,E,Drought,Dead,0,0
2018,End,E,Drought,Forbs,0,0
2018,End,E,Drought,Graminoids,0,0
2018,End,E,Drought,Legumes,0,0
2018,End,E,Drought,Woody,0,0
2018,End,E,Irrigated,Bryophytes,0,0
2018,End,E,Irrigated,Dead,26.8,6.7
2018,End,E,Irrigated,Forbs,0.4,0.1
2018,End,E,Irrigated,Graminoids,34.4,8.6
2018,End,E,Irrigated,Legumes,0.4,0.1
2018,End,E,Irrigated,Woody,0,0
2019,Mid,A,Ambient,Bryophytes,0,0
2019,Mid,A,Ambient,Dead,27.28,6.82
2019,Mid,A,Ambient,Forbs,14.76,3.69
2019,Mid,A,Ambient,Graminoids,184.76,46.19
2019,Mid,A,Ambient,Legumes,12.44,3.11
2019,Mid,A,Ambient,Woody,0,0
2019,Mid,A,Procedural,Bryophytes,0,0
2019,Mid,A,Procedural,Dead,4.32,1.08
2019,Mid,A,Procedural,Forbs,9.36,2.34
2019,Mid,A,Procedural,Graminoids,36.52,9.13
2019,Mid,A,Procedural,Legumes,4.28,1.07
2019,Mid,A,Procedural,Woody,0,0
2019,Mid,A,Drought,Bryophytes,0,0
2019,Mid,A,Drought,Dead,2.88,0.72
2019,Mid,A,Drought,Forbs,4.28,1.07
2019,Mid,A,Drought,Graminoids,42.36,10.59
2019,Mid,A,Drought,Legumes,0,0
2019,Mid,A,Drought,Woody,66.48,16.62
2019,Mid,A,Irrigated,Bryophytes,0,0
2019,Mid,A,Irrigated,Dead,16.92,4.23
2019,Mid,A,Irrigated,Forbs,8.84,2.21
2019,Mid,A,Irrigated,Graminoids,94,23.5
2019,Mid,A,Irrigated,Legumes,8.68,2.17
2019,Mid,A,Irrigated,Woody,4.64,1.16
2019,Mid,B,Ambient,Bryophytes,0,0
2019,Mid,B,Ambient,Dead,0,0
2019,Mid,B,Ambient,Forbs,12.44,3.11
2019,Mid,B,Ambient,Graminoids,87.36,21.84
2019,Mid,B,Ambient,Legumes,44.32,11.08
2019,Mid,B,Ambient,Woody,1.92,0.48
2019,Mid,B,Procedural,Bryophytes,0,0
2019,Mid,B,Procedural,Dead,19.16,4.79
2019,Mid,B,Procedural,Forbs,16.28,4.07
2019,Mid,B,Procedural,Graminoids,228.04,57.01
2019,Mid,B,Procedural,Legumes,72.4,18.1
2019,Mid,B,Procedural,Woody,0,0
2019,Mid,B,Drought,Bryophytes,0,0
2019,Mid,B,Drought,Dead,4.08,1.02
2019,Mid,B,Drought,Forbs,31.44,7.86
2019,Mid,B,Drought,Graminoids,62.52,15.63
2019,Mid,B,Drought,Legumes,5.64,1.41
2019,Mid,B,Drought,Woody,0,0
2019,Mid,B,Irrigated,Bryophytes,0,0
2019,Mid,B,Irrigated,Dead,12.68,3.17
2019,Mid,B,Irrigated,Forbs,1.12,0.28
2019,Mid,B,Irrigated,Graminoids,161.48,40.37
2019,Mid,B,Irrigated,Legumes,4.8,1.2
2019,Mid,B,Irrigated,Woody,0,0
2019,Mid,C,Ambient,Bryophytes,1.36,0.34
2019,Mid,C,Ambient,Dead,31.2,7.8
2019,Mid,C,Ambient,Forbs,6.88,1.72
2019,Mid,C,Ambient,Graminoids,128.12,32.03
2019,Mid,C,Ambient,Legumes,43.72,10.93
2019,Mid,C,Ambient,Woody,0,0
2019,Mid,C,Procedural,Bryophytes,0,0
2019,Mid,C,Procedural,Dead,4.92,1.23
2019,Mid,C,Procedural,Forbs,3.96,0.99
2019,Mid,C,Procedural,Graminoids,118.52,29.63
2019,Mid,C,Procedural,Legumes,38.56,9.64
2019,Mid,C,Procedural,Woody,0,0
2019,Mid,C,Drought,Bryophytes,0,0
2019,Mid,C,Drought,Dead,5,1.25
2019,Mid,C,Drought,Forbs,10.88,2.72
2019,Mid,C,Drought,Graminoids,33.76,8.44
2019,Mid,C,Drought,Legumes,18.84,4.71
2019,Mid,C,Drought,Woody,0,0
2019,Mid,C,Irrigated,Bryophytes,0.68,0.17
2019,Mid,C,Irrigated,Dead,7.92,1.98
2019,Mid,C,Irrigated,Forbs,18.6,4.65
2019,Mid,C,Irrigated,Graminoids,80.76,20.19
2019,Mid,C,Irrigated,Legumes,4.8,1.2
2019,Mid,C,Irrigated,Woody,0,0
2019,Mid,D,Ambient,Bryophytes,0.32,0.08
2019,Mid,D,Ambient,Dead,5.24,1.31
2019,Mid,D,Ambient,Forbs,6.44,1.61
2019,Mid,D,Ambient,Graminoids,62.52,15.63
2019,Mid,D,Ambient,Legumes,5,1.25
2019,Mid,D,Ambient,Woody,0,0
2019,Mid,D,Procedural,Bryophytes,0,0
2019,Mid,D,Procedural,Dead,12.36,3.09
2019,Mid,D,Procedural,Forbs,12.52,3.13
2019,Mid,D,Procedural,Graminoids,65.84,16.46
2019,Mid,D,Procedural,Legumes,6.52,1.63
2019,Mid,D,Procedural,Woody,0,0
2019,Mid,D,Drought,Bryophytes,0,0
2019,Mid,D,Drought,Dead,0.32,0.08
2019,Mid,D,Drought,Forbs,12,3
2019,Mid,D,Drought,Graminoids,28.32,7.08
2019,Mid,D,Drought,Legumes,0,0
2019,Mid,D,Drought,Woody,0,0
2019,Mid,D,Irrigated,Bryophytes,0.6,0.15
2019,Mid,D,Irrigated,Dead,9.6,2.4
2019,Mid,D,Irrigated,Forbs,17.88,4.47
2019,Mid,D,Irrigated,Graminoids,148.16,37.04
2019,Mid,D,Irrigated,Legumes,0.64,0.16
2019,Mid,D,Irrigated,Woody,8.48,2.12
2019,Mid,E,Ambient,Bryophytes,0,0
2019,Mid,E,Ambient,Dead,21.76,5.44
2019,Mid,E,Ambient,Forbs,10.4,2.6
2019,Mid,E,Ambient,Graminoids,164.08,41.02
2019,Mid,E,Ambient,Legumes,9.48,2.37
2019,Mid,E,Ambient,Woody,0,0
2019,Mid,E,Procedural,Bryophytes,0,0
2019,Mid,E,Procedural,Dead,4.72,1.18
2019,Mid,E,Procedural,Forbs,5.04,1.26
2019,Mid,E,Procedural,Graminoids,53.88,13.47
2019,Mid,E,Procedural,Legumes,9.84,2.46
2019,Mid,E,Procedural,Woody,0,0
2019,Mid,E,Drought,Bryophytes,0,0
2019,Mid,E,Drought,Dead,4.52,1.13
2019,Mid,E,Drought,Forbs,7.84,1.96
2019,Mid,E,Drought,Graminoids,43.56,10.89
2019,Mid,E,Drought,Legumes,8.08,2.02
2019,Mid,E,Drought,Woody,25.08,6.27
2019,Mid,E,Irrigated,Bryophytes,0,0
2019,Mid,E,Irrigated,Dead,12.4,3.1
2019,Mid,E,Irrigated,Forbs,2.24,0.56
2019,Mid,E,Irrigated,Graminoids,66.76,16.69
2019,Mid,E,Irrigated,Legumes,3.08,0.77
2019,Mid,E,Irrigated,Woody,0,0
2019,End,A,Ambient,Bryophytes,0.36,0.09
2019,End,A,Ambient,Dead,14.384,3.596
2019,End,A,Ambient,Forbs,0.228,0.057
2019,End,A,Ambient,Graminoids,2.888,0.722
2019,End,A,Ambient,Legumes,0.864,0.216
2019,End,A,Ambient,Woody,0.076,0.019
2019,End,A,Procedural,Bryophytes,0.444,0.111
2019,End,A,Procedural,Dead,8.54,2.135
2019,End,A,Procedural,Forbs,0.948,0.237
2019,End,A,Procedural,Graminoids,1.252,0.313
2019,End,A,Procedural,Legumes,0.004,0.001
2019,End,A,Procedural,Woody,0,0
2019,End,A,Drought,Bryophytes,4.004,1.001
2019,End,A,Drought,Dead,9.668,2.417
2019,End,A,Drought,Forbs,0.728,0.182
2019,End,A,Drought,Graminoids,1.292,0.323
2019,End,A,Drought,Legumes,0,0
2019,End,A,Drought,Woody,0.108,0.027
2019,End,A,Irrigated,Bryophytes,0.004,0.001
2019,End,A,Irrigated,Dead,6.512,1.628
2019,End,A,Irrigated,Forbs,0.896,0.224
2019,End,A,Irrigated,Graminoids,6.7,1.675
2019,End,A,Irrigated,Legumes,1.732,0.433
2019,End,A,Irrigated,Woody,0,0
2019,End,B,Ambient,Bryophytes,0.004,0.001
2019,End,B,Ambient,Dead,16.748,4.187
2019,End,B,Ambient,Forbs,7.988,1.997
2019,End,B,Ambient,Graminoids,4.684,1.171
2019,End,B,Ambient,Legumes,0.004,0.001
2019,End,B,Ambient,Woody,1.664,0.416
2019,End,B,Procedural,Bryophytes,0,0
2019,End,B,Procedural,Dead,11.988,2.997
2019,End,B,Procedural,Forbs,0.492,0.123
2019,End,B,Procedural,Graminoids,3.5,0.875
2019,End,B,Procedural,Legumes,1.736,0.434
2019,End,B,Procedural,Woody,0,0
2019,End,B,Drought,Bryophytes,0,0
2019,End,B,Drought,Dead,7.172,1.793
2019,End,B,Drought,Forbs,2.932,0.733
2019,End,B,Drought,Graminoids,1.92,0.48
2019,End,B,Drought,Legumes,0,0
2019,End,B,Drought,Woody,0,0
2019,End,B,Irrigated,Bryophytes,0.556,0.139
2019,End,B,Irrigated,Dead,9.516,2.379
2019,End,B,Irrigated,Forbs,0.34,0.085
2019,End,B,Irrigated,Graminoids,2.908,0.727
2019,End,B,Irrigated,Legumes,0.004,0.001
2019,End,B,Irrigated,Woody,0,0
2019,End,C,Ambient,Bryophytes,0.892,0.223
2019,End,C,Ambient,Dead,15.94,3.985
2019,End,C,Ambient,Forbs,0.184,0.046
2019,End,C,Ambient,Graminoids,4.372,1.093
2019,End,C,Ambient,Legumes,0.308,0.077
2019,End,C,Ambient,Woody,0.004,0.001
2019,End,C,Procedural,Bryophytes,0.216,0.054
2019,End,C,Procedural,Dead,9.936,2.484
2019,End,C,Procedural,Forbs,0.136,0.034
2019,End,C,Procedural,Graminoids,8.172,2.043
2019,End,C,Procedural,Legumes,1.68,0.42
2019,End,C,Procedural,Woody,0,0
2019,End,C,Drought,Bryophytes,0.152,0.038
2019,End,C,Drought,Dead,14.7,3.675
2019,End,C,Drought,Forbs,0.376,0.094
2019,End,C,Drought,Graminoids,0.28,0.07
2019,End,C,Drought,Legumes,0.792,0.198
2019,End,C,Drought,Woody,0,0
2019,End,C,Irrigated,Bryophytes,1.276,0.319
2019,End,C,Irrigated,Dead,10.752,2.688
2019,End,C,Irrigated,Forbs,1.088,0.272
2019,End,C,Irrigated,Graminoids,6.06,1.515
2019,End,C,Irrigated,Legumes,0.216,0.054
2019,End,C,Irrigated,Woody,0,0
2019,End,D,Ambient,Bryophytes,1.652,0.413
2019,End,D,Ambient,Dead,17.736,4.434
2019,End,D,Ambient,Forbs,0.256,0.064
2019,End,D,Ambient,Graminoids,2.004,0.501
2019,End,D,Ambient,Legumes,0.004,0.001
2019,End,D,Ambient,Woody,0.004,0.001
2019,End,D,Procedural,Bryophytes,0,0
2019,End,D,Procedural,Dead,15.804,3.951
2019,End,D,Procedural,Forbs,2.604,0.651
2019,End,D,Procedural,Graminoids,6.724,1.681
2019,End,D,Procedural,Legumes,2.412,0.603
2019,End,D,Procedural,Woody,0,0
2019,End,D,Drought,Bryophytes,0.868,0.217
2019,End,D,Drought,Dead,27.076,6.769
2019,End,D,Drought,Forbs,0.844,0.211
2019,End,D,Drought,Graminoids,0.76,0.19
2019,End,D,Drought,Legumes,0.948,0.237
2019,End,D,Drought,Woody,0,0
2019,End,D,Irrigated,Bryophytes,0.776,0.194
2019,End,D,Irrigated,Dead,13.508,3.377
2019,End,D,Irrigated,Forbs,0.136,0.034
2019,End,D,Irrigated,Graminoids,5.296,1.324
2019,End,D,Irrigated,Legumes,0.004,0.001
2019,End,D,Irrigated,Woody,0,0
2019,End,E,Ambient,Bryophytes,1.396,0.349
2019,End,E,Ambient,Dead,9.376,2.344
2019,End,E,Ambient,Forbs,1.48,0.37
2019,End,E,Ambient,Graminoids,3.864,0.966
2019,End,E,Ambient,Legumes,0.844,0.211
2019,End,E,Ambient,Woody,0,0
2019,End,E,Procedural,Bryophytes,6.204,1.551
2019,End,E,Procedural,Dead,27.448,6.862
2019,End,E,Procedural,Forbs,0.22,0.055
2019,End,E,Procedural,Graminoids,7.364,1.841
2019,End,E,Procedural,Legumes,0.952,0.238
2019,End,E,Procedural,Woody,0,0
2019,End,E,Drought,Bryophytes,1.7,0.425
2019,End,E,Drought,Dead,24.892,6.223
2019,End,E,Drought,Forbs,0.236,0.059
2019,End,E,Drought,Graminoids,0.3,0.075
2019,End,E,Drought,Legumes,0,0
2019,End,E,Drought,Woody,0,0
2019,End,E,Irrigated,Bryophytes,0.76,0.19
2019,End,E,Irrigated,Dead,20.784,5.196
2019,End,E,Irrigated,Forbs,1.636,0.409
2019,End,E,Irrigated,Graminoids,5.364,1.341
2019,End,E,Irrigated,Legumes,0.332,0.083
2019,End,E,Irrigated,Woody,0,0
2020,Mid,A,Ambient,Bryophytes,0,0
2020,Mid,A,Ambient,Dead,2,0.5
2020,Mid,A,Ambient,Forbs,32,8
2020,Mid,A,Ambient,Graminoids,121.6,30.4
2020,Mid,A,Ambient,Legumes,15.6,3.9
2020,Mid,A,Ambient,Woody,0,0
2020,Mid,A,Procedural,Bryophytes,0,0
2020,Mid,A,Procedural,Dead,2.8,0.7
2020,Mid,A,Procedural,Forbs,41.2,10.3
2020,Mid,A,Procedural,Graminoids,89.6,22.4
2020,Mid,A,Procedural,Legumes,136.8,34.2
2020,Mid,A,Procedural,Woody,0,0
2020,Mid,A,Drought,Bryophytes,0,0
2020,Mid,A,Drought,Dead,2.8,0.7
2020,Mid,A,Drought,Forbs,6.8,1.7
2020,Mid,A,Drought,Graminoids,10,2.5
2020,Mid,A,Drought,Legumes,0,0
2020,Mid,A,Drought,Woody,0,0
2020,Mid,A,Irrigated,Bryophytes,2,0.5
2020,Mid,A,Irrigated,Dead,0,0
2020,Mid,A,Irrigated,Forbs,4.4,1.1
2020,Mid,A,Irrigated,Graminoids,139.2,34.8
2020,Mid,A,Irrigated,Legumes,20,5
2020,Mid,A,Irrigated,Woody,0,0
2020,Mid,B,Ambient,Bryophytes,0,0
2020,Mid,B,Ambient,Dead,0,0
2020,Mid,B,Ambient,Forbs,31.2,7.8
2020,Mid,B,Ambient,Graminoids,108.4,27.1
2020,Mid,B,Ambient,Legumes,89.2,22.3
2020,Mid,B,Ambient,Woody,18,4.5
2020,Mid,B,Procedural,Bryophytes,0,0
2020,Mid,B,Procedural,Dead,0,0
2020,Mid,B,Procedural,Forbs,19.6,4.9
2020,Mid,B,Procedural,Graminoids,210.8,52.7
2020,Mid,B,Procedural,Legumes,146.8,36.7
2020,Mid,B,Procedural,Woody,0,0
2020,Mid,B,Drought,Bryophytes,0,0
2020,Mid,B,Drought,Dead,4.8,1.2
2020,Mid,B,Drought,Forbs,50,12.5
2020,Mid,B,Drought,Graminoids,124,31
2020,Mid,B,Drought,Legumes,15.2,3.8
2020,Mid,B,Drought,Woody,0,0
2020,Mid,B,Irrigated,Bryophytes,0,0
2020,Mid,B,Irrigated,Dead,0,0
2020,Mid,B,Irrigated,Forbs,7.6,1.9
2020,Mid,B,Irrigated,Graminoids,116.8,29.2
2020,Mid,B,Irrigated,Legumes,5.2,1.3
2020,Mid,B,Irrigated,Woody,0,0
2020,Mid,C,Ambient,Bryophytes,0,0
2020,Mid,C,Ambient,Dead,0,0
2020,Mid,C,Ambient,Forbs,24.8,6.2
2020,Mid,C,Ambient,Graminoids,110,27.5
2020,Mid,C,Ambient,Legumes,36.4,9.1
2020,Mid,C,Ambient,Woody,0,0
2020,Mid,C,Procedural,Bryophytes,0,0
2020,Mid,C,Procedural,Dead,0,0
2020,Mid,C,Procedural,Forbs,50.8,12.7
2020,Mid,C,Procedural,Graminoids,94,23.5
2020,Mid,C,Procedural,Legumes,53.6,13.4
2020,Mid,C,Procedural,Woody,0,0
2020,Mid,C,Drought,Bryophytes,0,0
2020,Mid,C,Drought,Dead,0,0
2020,Mid,C,Drought,Forbs,19.6,4.9
2020,Mid,C,Drought,Graminoids,58,14.5
2020,Mid,C,Drought,Legumes,49.6,12.4
2020,Mid,C,Drought,Woody,0,0
2020,Mid,C,Irrigated,Bryophytes,0,0
2020,Mid,C,Irrigated,Dead,0,0
2020,Mid,C,Irrigated,Forbs,33.2,8.3
2020,Mid,C,Irrigated,Graminoids,116.8,29.2
2020,Mid,C,Irrigated,Legumes,91.2,22.8
2020,Mid,C,Irrigated,Woody,0,0
2020,Mid,D,Ambient,Bryophytes,0,0
2020,Mid,D,Ambient,Dead,0,0
2020,Mid,D,Ambient,Forbs,23.2,5.8
2020,Mid,D,Ambient,Graminoids,192.4,48.1
2020,Mid,D,Ambient,Legumes,28,7
2020,Mid,D,Ambient,Woody,0,0
2020,Mid,D,Procedural,Bryophytes,0,0
2020,Mid,D,Procedural,Dead,0,0
2020,Mid,D,Procedural,Forbs,40.4,10.1
2020,Mid,D,Procedural,Graminoids,134,33.5
2020,Mid,D,Procedural,Legumes,26.8,6.7
2020,Mid,D,Procedural,Woody,0,0
2020,Mid,D,Drought,Bryophytes,0,0
2020,Mid,D,Drought,Dead,0,0
2020,Mid,D,Drought,Forbs,12.8,3.2
2020,Mid,D,Drought,Graminoids,136.4,34.1
2020,Mid,D,Drought,Legumes,14,3.5
2020,Mid,D,Drought,Woody,0,0
2020,Mid,D,Irrigated,Bryophytes,0,0
2020,Mid,D,Irrigated,Dead,0,0
2020,Mid,D,Irrigated,Forbs,8.8,2.2
2020,Mid,D,Irrigated,Graminoids,110.4,27.6
2020,Mid,D,Irrigated,Legumes,30.4,7.6
2020,Mid,D,Irrigated,Woody,0,0
2020,Mid,E,Ambient,Bryophytes,0,0
2020,Mid,E,Ambient,Dead,0,0
2020,Mid,E,Ambient,Forbs,84,21
2020,Mid,E,Ambient,Graminoids,122,30.5
2020,Mid,E,Ambient,Legumes,46.8,11.7
2020,Mid,E,Ambient,Woody,0,0
2020,Mid,E,Procedural,Bryophytes,0,0
2020,Mid,E,Procedural,Dead,0,0
2020,Mid,E,Procedural,Forbs,61.6,15.4
2020,Mid,E,Procedural,Graminoids,144.4,36.1
2020,Mid,E,Procedural,Legumes,74.4,18.6
2020,Mid,E,Procedural,Woody,0,0
2020,Mid,E,Drought,Bryophytes,0,0
2020,Mid,E,Drought,Dead,0,0
2020,Mid,E,Drought,Forbs,55.2,13.8
2020,Mid,E,Drought,Graminoids,66,16.5
2020,Mid,E,Drought,Legumes,4,1
2020,Mid,E,Drought,Woody,0,0
2020,Mid,E,Irrigated,Bryophytes,0,0
2020,Mid,E,Irrigated,Dead,0,0
2020,Mid,E,Irrigated,Forbs,94.4,23.6
2020,Mid,E,Irrigated,Graminoids,146,36.5
2020,Mid,E,Irrigated,Legumes,56.8,14.2
2020,Mid,E,Irrigated,Woody,0,0
2020,End,A,Ambient,Dead,0,0
2020,End,A,Ambient,Forbs,5.6,1.4
2020,End,A,Ambient,Graminoids,96.4,24.1
2020,End,A,Ambient,Legumes,5.6,1.4
2020,End,A,Ambient,Woody,0,0
2020,End,A,Procedural,Bryophytes,0,0
2020,End,A,Procedural,Dead,0,0
2020,End,A,Procedural,Forbs,3.2,0.8
2020,End,A,Procedural,Graminoids,94,23.5
2020,End,A,Procedural,Legumes,1.6,0.4
2020,End,A,Procedural,Woody,0,0
2020,End,A,Drought,Bryophytes,0,0
2020,End,A,Drought,Dead,0,0
2020,End,A,Drought,Forbs,1.6,0.4
2020,End,A,Drought,Graminoids,3.2,0.8
2020,End,A,Drought,Legumes,0.4,0.1
2020,End,A,Drought,Woody,0,0
2020,End,A,Irrigated,Bryophytes,0,0
2020,End,A,Irrigated,Dead,0,0
2020,End,A,Irrigated,Forbs,0.4,0.1
2020,End,A,Irrigated,Graminoids,44.4,11.1
2020,End,A,Irrigated,Legumes,2,0.5
2020,End,A,Irrigated,Woody,0,0
2020,End,B,Ambient,Bryophytes,0,0
2020,End,B,Ambient,Dead,0,0
2020,End,B,Ambient,Forbs,10.8,2.7
2020,End,B,Ambient,Graminoids,56.4,14.1
2020,End,B,Ambient,Legumes,14,3.5
2020,End,B,Ambient,Woody,0,0
2020,End,B,Procedural,Bryophytes,0,0
2020,End,B,Procedural,Dead,0,0
2020,End,B,Procedural,Forbs,2.4,0.6
2020,End,B,Procedural,Graminoids,70.8,17.7
2020,End,B,Procedural,Legumes,98.8,24.7
2020,End,B,Procedural,Woody,0,0
2020,End,B,Drought,Bryophytes,0,0
2020,End,B,Drought,Dead,0,0
2020,End,B,Drought,Forbs,8.4,2.1
2020,End,B,Drought,Graminoids,39.6,9.9
2020,End,B,Drought,Legumes,2.4,0.6
2020,End,B,Drought,Woody,0,0
2020,End,B,Irrigated,Bryophytes,0,0
2020,End,B,Irrigated,Dead,0,0
2020,End,B,Irrigated,Forbs,0.8,0.2
2020,End,B,Irrigated,Graminoids,90.8,22.7
2020,End,B,Irrigated,Legumes,0.4,0.1
2020,End,B,Irrigated,Woody,0,0
2020,End,C,Ambient,Bryophytes,0,0
2020,End,C,Ambient,Dead,0,0
2020,End,C,Ambient,Forbs,3.2,0.8
2020,End,C,Ambient,Graminoids,56.8,14.2
2020,End,C,Ambient,Legumes,3.6,0.9
2020,End,C,Ambient,Woody,0,0
2020,End,C,Procedural,Bryophytes,0.4,0.1
2020,End,C,Procedural,Dead,0,0
2020,End,C,Procedural,Forbs,4.8,1.2
2020,End,C,Procedural,Graminoids,52.8,13.2
2020,End,C,Procedural,Legumes,8.8,2.2
2020,End,C,Procedural,Woody,0,0
2020,End,C,Drought,Bryophytes,0.4,0.1
2020,End,C,Drought,Dead,0,0
2020,End,C,Drought,Forbs,18.4,4.6
2020,End,C,Drought,Graminoids,22,5.5
2020,End,C,Drought,Legumes,3.6,0.9
2020,End,C,Drought,Woody,0,0
2020,End,C,Irrigated,Bryophytes,0,0
2020,End,C,Irrigated,Dead,0,0
2020,End,C,Irrigated,Forbs,3.6,0.9
2020,End,C,Irrigated,Graminoids,56,14
2020,End,C,Irrigated,Legumes,3.2,0.8
2020,End,C,Irrigated,Woody,0,0
2020,End,D,Ambient,Bryophytes,0,0
2020,End,D,Ambient,Dead,0,0
2020,End,D,Ambient,Forbs,2.8,0.7
2020,End,D,Ambient,Graminoids,23.2,5.8
2020,End,D,Ambient,Legumes,2.4,0.6
2020,End,D,Ambient,Woody,0,0
2020,End,D,Procedural,Bryophytes,0,0
2020,End,D,Procedural,Dead,0,0
2020,End,D,Procedural,Forbs,3.2,0.8
2020,End,D,Procedural,Graminoids,20.8,5.2
2020,End,D,Procedural,Legumes,6.8,1.7
2020,End,D,Procedural,Woody,0,0
2020,End,D,Drought,Bryophytes,0.4,0.1
2020,End,D,Drought,Dead,0,0
2020,End,D,Drought,Forbs,4.4,1.1
2020,End,D,Drought,Graminoids,7.2,1.8
2020,End,D,Drought,Legumes,0.4,0.1
2020,End,D,Drought,Woody,0,0
2020,End,D,Irrigated,Bryophytes,0,0
2020,End,D,Irrigated,Dead,0,0
2020,End,D,Irrigated,Forbs,0.4,0.1
2020,End,D,Irrigated,Graminoids,42.8,10.7
2020,End,D,Irrigated,Legumes,4,1
2020,End,D,Irrigated,Woody,0,0
2020,End,E,Ambient,Bryophytes,0,0
2020,End,E,Ambient,Dead,0,0
2020,End,E,Ambient,Forbs,5.2,1.3
2020,End,E,Ambient,Graminoids,73.2,18.3
2020,End,E,Ambient,Legumes,4.4,1.1
2020,End,E,Ambient,Woody,0,0
2020,End,E,Procedural,Bryophytes,0.4,0.1
2020,End,E,Procedural,Dead,0,0
2020,End,E,Procedural,Forbs,1.2,0.3
2020,End,E,Procedural,Graminoids,95.2,23.8
2020,End,E,Procedural,Legumes,0.4,0.1
2020,End,E,Procedural,Woody,0,0
2020,End,E,Drought,Bryophytes,0.4,0.1
2020,End,E,Drought,Dead,0,0
2020,End,E,Drought,Forbs,4.4,1.1
2020,End,E,Drought,Graminoids,53.6,13.4
2020,End,E,Drought,Legumes,2.8,0.7
2020,End,E,Drought,Woody,0,0
2020,End,E,Irrigated,Bryophytes,0.4,0.1
2020,End,E,Irrigated,Dead,0,0
2020,End,E,Irrigated,Forbs,4.4,1.1
2020,End,E,Irrigated,Graminoids,42,10.5
2020,End,E,Irrigated,Legumes,0.8,0.2
2020,End,E,Irrigated,Woody,0,0
2021,Mid,A,Ambient,Bryophytes,0,0
2021,Mid,A,Ambient,Dead,0,0
2021,Mid,A,Ambient,Forbs,116.4,29.1
2021,Mid,A,Ambient,Graminoids,144,36
2021,Mid,A,Ambient,Legumes,33.6,8.4
2021,Mid,A,Ambient,Woody,0,0
2021,Mid,A,Procedural,Bryophytes,0,0
2021,Mid,A,Procedural,Dead,0,0
2021,Mid,A,Procedural,Forbs,82.8,20.7
2021,Mid,A,Procedural,Graminoids,310.4,77.6
2021,Mid,A,Procedural,Legumes,86.4,21.6
2021,Mid,A,Procedural,Woody,0,0
2021,Mid,A,Drought,Bryophytes,0,0
2021,Mid,A,Drought,Dead,0,0
2021,Mid,A,Drought,Forbs,15.2,3.8
2021,Mid,A,Drought,Graminoids,184.4,46.1
2021,Mid,A,Drought,Legumes,23.2,5.8
2021,Mid,A,Drought,Woody,0,0
2021,Mid,A,Irrigated,Bryophytes,0,0
2021,Mid,A,Irrigated,Dead,0,0
2021,Mid,A,Irrigated,Forbs,7.6,1.9
2021,Mid,A,Irrigated,Graminoids,179.6,44.9
2021,Mid,A,Irrigated,Legumes,95.2,23.8
2021,Mid,A,Irrigated,Woody,0,0
2021,Mid,B,Ambient,Bryophytes,0,0
2021,Mid,B,Ambient,Dead,0,0
2021,Mid,B,Ambient,Forbs,75.2,18.8
2021,Mid,B,Ambient,Graminoids,174.4,43.6
2021,Mid,B,Ambient,Legumes,95.2,23.8
2021,Mid,B,Ambient,Woody,0,0
2021,Mid,B,Procedural,Bryophytes,0,0
2021,Mid,B,Procedural,Dead,0,0
2021,Mid,B,Procedural,Forbs,42.8,10.7
2021,Mid,B,Procedural,Graminoids,341.6,85.4
2021,Mid,B,Procedural,Legumes,119.2,29.8
2021,Mid,B,Procedural,Woody,0,0
2021,Mid,B,Drought,Bryophytes,0,0
2021,Mid,B,Drought,Dead,0,0
2021,Mid,B,Drought,Forbs,95.6,23.9
2021,Mid,B,Drought,Graminoids,368.8,92.2
2021,Mid,B,Drought,Legumes,69.2,17.3
2021,Mid,B,Drought,Woody,0,0
2021,Mid,B,Irrigated,Bryophytes,0,0
2021,Mid,B,Irrigated,Dead,0,0
2021,Mid,B,Irrigated,Forbs,5.2,1.3
2021,Mid,B,Irrigated,Graminoids,275.2,68.8
2021,Mid,B,Irrigated,Legumes,39.6,9.9
2021,Mid,B,Irrigated,Woody,0,0
2021,Mid,C,Ambient,Bryophytes,0,0
2021,Mid,C,Ambient,Dead,0,0
2021,Mid,C,Ambient,Forbs,3.6,0.9
2021,Mid,C,Ambient,Graminoids,114.8,28.7
2021,Mid,C,Ambient,Legumes,41.6,10.4
2021,Mid,C,Ambient,Woody,35.2,8.8
2021,Mid,C,Procedural,Bryophytes,0,0
2021,Mid,C,Procedural,Dead,0,0
2021,Mid,C,Procedural,Forbs,20,5
2021,Mid,C,Procedural,Graminoids,149.2,37.3
2021,Mid,C,Procedural,Legumes,60,15
2021,Mid,C,Procedural,Woody,0,0
2021,Mid,C,Drought,Bryophytes,0,0
2021,Mid,C,Drought,Dead,0,0
2021,Mid,C,Drought,Forbs,63.2,15.8
2021,Mid,C,Drought,Graminoids,99.6,24.9
2021,Mid,C,Drought,Legumes,59.2,14.8
2021,Mid,C,Drought,Woody,0,0
2021,Mid,C,Irrigated,Bryophytes,0,0
2021,Mid,C,Irrigated,Dead,0,0
2021,Mid,C,Irrigated,Forbs,38,9.5
2021,Mid,C,Irrigated,Graminoids,228,57
2021,Mid,C,Irrigated,Legumes,61.2,15.3
2021,Mid,C,Irrigated,Woody,0,0
2021,Mid,D,Ambient,Bryophytes,0,0
2021,Mid,D,Ambient,Dead,0,0
2021,Mid,D,Ambient,Forbs,13.2,3.3
2021,Mid,D,Ambient,Graminoids,126.8,31.7
2021,Mid,D,Ambient,Legumes,41.2,10.3
2021,Mid,D,Ambient,Woody,0,0
2021,Mid,D,Procedural,Bryophytes,0,0
2021,Mid,D,Procedural,Dead,0,0
2021,Mid,D,Procedural,Forbs,23.6,5.9
2021,Mid,D,Procedural,Graminoids,162,40.5
2021,Mid,D,Procedural,Legumes,73.6,18.4
2021,Mid,D,Procedural,Woody,0,0
2021,Mid,D,Drought,Bryophytes,0,0
2021,Mid,D,Drought,Dead,0,0
2021,Mid,D,Drought,Forbs,87.6,21.9
2021,Mid,D,Drought,Graminoids,125.2,31.3
2021,Mid,D,Drought,Legumes,62.4,15.6
2021,Mid,D,Drought,Woody,0,0
2021,Mid,D,Irrigated,Bryophytes,0,0
2021,Mid,D,Irrigated,Dead,0,0
2021,Mid,D,Irrigated,Forbs,40.8,10.2
2021,Mid,D,Irrigated,Graminoids,201.6,50.4
2021,Mid,D,Irrigated,Legumes,98.4,24.6
2021,Mid,D,Irrigated,Woody,0,0
2021,Mid,E,Ambient,Bryophytes,0,0
2021,Mid,E,Ambient,Dead,0,0
2021,Mid,E,Ambient,Forbs,47.2,11.8
2021,Mid,E,Ambient,Graminoids,318.8,79.7
2021,Mid,E,Ambient,Legumes,76.4,19.1
2021,Mid,E,Ambient,Woody,0,0
2021,Mid,E,Procedural,Bryophytes,0,0
2021,Mid,E,Procedural,Dead,0,0
2021,Mid,E,Procedural,Forbs,34,8.5
2021,Mid,E,Procedural,Graminoids,194.4,48.6
2021,Mid,E,Procedural,Legumes,63.2,15.8
2021,Mid,E,Procedural,Woody,0,0
2021,Mid,E,Drought,Bryophytes,0,0
2021,Mid,E,Drought,Dead,0,0
2021,Mid,E,Drought,Forbs,45.6,11.4
2021,Mid,E,Drought,Graminoids,170,42.5
2021,Mid,E,Drought,Legumes,40,10
2021,Mid,E,Drought,Woody,0,0
2021,Mid,E,Irrigated,Bryophytes,0,0
2021,Mid,E,Irrigated,Dead,0,0
2021,Mid,E,Irrigated,Forbs,16,4
2021,Mid,E,Irrigated,Graminoids,108,27
2021,Mid,E,Irrigated,Legumes,42.8,10.7
2021,Mid,E,Irrigated,Woody,0,0
2021,End,A,Ambient,Bryophytes,0,0
2021,End,A,Ambient,Dead,0,0
2021,End,A,Ambient,Forbs,20.4,5.1
2021,End,A,Ambient,Graminoids,0,0
2021,End,A,Ambient,Legumes,13.2,3.3
2021,End,A,Ambient,Woody,0,0
2021,End,A,Procedural,Bryophytes,0,0
2021,End,A,Procedural,Dead,0,0
2021,End,A,Procedural,Forbs,20.4,5.1
2021,End,A,Procedural,Graminoids,58,14.5
2021,End,A,Procedural,Legumes,32.8,8.2
2021,End,A,Procedural,Woody,0,0
2021,End,A,Drought,Bryophytes,0,0
2021,End,A,Drought,Dead,0,0
2021,End,A,Drought,Forbs,6.4,1.6
2021,End,A,Drought,Graminoids,6.8,1.7
2021,End,A,Drought,Legumes,0,0
2021,End,A,Drought,Woody,4,1
2021,End,A,Irrigated,Bryophytes,0,0
2021,End,A,Irrigated,Dead,0,0
2021,End,A,Irrigated,Forbs,12.4,3.1
2021,End,A,Irrigated,Graminoids,63.2,15.8
2021,End,A,Irrigated,Legumes,7.6,1.9
2021,End,A,Irrigated,Woody,0,0
2021,End,B,Ambient,Bryophytes,0,0
2021,End,B,Ambient,Dead,0,0
2021,End,B,Ambient,Forbs,16,4
2021,End,B,Ambient,Graminoids,41.2,10.3
2021,End,B,Ambient,Legumes,24.8,6.2
2021,End,B,Ambient,Woody,6.8,1.7
2021,End,B,Procedural,Bryophytes,0,0
2021,End,B,Procedural,Dead,0,0
2021,End,B,Procedural,Forbs,15.2,3.8
2021,End,B,Procedural,Graminoids,48,12
2021,End,B,Procedural,Legumes,15.2,3.8
2021,End,B,Procedural,Woody,0,0
2021,End,B,Drought,Bryophytes,0,0
2021,End,B,Drought,Dead,0,0
2021,End,B,Drought,Forbs,6,1.5
2021,End,B,Drought,Graminoids,9.2,2.3
2021,End,B,Drought,Legumes,4.4,1.1
2021,End,B,Drought,Woody,0,0
2021,End,B,Irrigated,Bryophytes,0,0
2021,End,B,Irrigated,Dead,0,0
2021,End,B,Irrigated,Forbs,4,1
2021,End,B,Irrigated,Graminoids,90.4,22.6
2021,End,B,Irrigated,Legumes,5.6,1.4
2021,End,B,Irrigated,Woody,0,0
2021,End,C,Ambient,Bryophytes,0,0
2021,End,C,Ambient,Dead,0,0
2021,End,C,Ambient,Forbs,6.4,1.6
2021,End,C,Ambient,Graminoids,46,11.5
2021,End,C,Ambient,Legumes,9.6,2.4
2021,End,C,Ambient,Woody,0,0
2021,End,C,Procedural,Bryophytes,0,0
2021,End,C,Procedural,Dead,0,0
2021,End,C,Procedural,Forbs,12,3
2021,End,C,Procedural,Graminoids,92.4,23.1
2021,End,C,Procedural,Legumes,34,8.5
2021,End,C,Procedural,Woody,0,0
2021,End,C,Drought,Bryophytes,0,0
2021,End,C,Drought,Dead,0,0
2021,End,C,Drought,Forbs,4.4,1.1
2021,End,C,Drought,Graminoids,2.8,0.7
2021,End,C,Drought,Legumes,3.2,0.8
2021,End,C,Drought,Woody,1.2,0.3
2021,End,C,Irrigated,Bryophytes,0,0
2021,End,C,Irrigated,Dead,0,0
2021,End,C,Irrigated,Forbs,18.4,4.6
2021,End,C,Irrigated,Graminoids,53.2,13.3
2021,End,C,Irrigated,Legumes,18.8,4.7
2021,End,C,Irrigated,Woody,0,0
2021,End,D,Ambient,Bryophytes,0,0
2021,End,D,Ambient,Dead,0,0
2021,End,D,Ambient,Forbs,4,1
2021,End,D,Ambient,Graminoids,36.8,9.2
2021,End,D,Ambient,Legumes,4,1
2021,End,D,Ambient,Woody,0,0
2021,End,D,Procedural,Bryophytes,0,0
2021,End,D,Procedural,Dead,0,0
2021,End,D,Procedural,Forbs,2.4,0.6
2021,End,D,Procedural,Graminoids,65.2,16.3
2021,End,D,Procedural,Legumes,5.6,1.4
2021,End,D,Procedural,Woody,0,0
2021,End,D,Irrigated,Bryophytes,0,0
2021,End,D,Irrigated,Dead,0,0
2021,End,D,Irrigated,Forbs,6.4,1.6
2021,End,D,Irrigated,Graminoids,20,5
2021,End,D,Irrigated,Legumes,29.2,7.3
2021,End,D,Irrigated,Woody,0,0
2021,End,E,Ambient,Bryophytes,0,0
2021,End,E,Ambient,Dead,0,0
2021,End,E,Ambient,Forbs,4.4,1.1
2021,End,E,Ambient,Graminoids,60.4,15.1
2021,End,E,Ambient,Legumes,4.8,1.2
2021,End,E,Ambient,Woody,0,0
2021,End,E,Procedural,Bryophytes,0,0
2021,End,E,Procedural,Dead,0,0
2021,End,E,Procedural,Forbs,4,1
2021,End,E,Procedural,Graminoids,96.4,24.1
2021,End,E,Procedural,Legumes,4.4,1.1
2021,End,E,Procedural,Woody,0,0
2021,End,E,Drought,Bryophytes,0,0
2021,End,E,Drought,Dead,0,0
2021,End,E,Drought,Forbs,1.6,0.4
2021,End,E,Drought,Graminoids,20.8,5.2
2021,End,E,Drought,Legumes,3.2,0.8
2021,End,E,Drought,Woody,0.8,0.2
2021,End,E,Irrigated,Bryophytes,0,0
2021,End,E,Irrigated,Dead,0,0
2021,End,E,Irrigated,Forbs,6.4,1.6
2021,End,E,Irrigated,Graminoids,66.8,16.7
2021,End,E,Irrigated,Legumes,1.6,0.4
2021,End,E,Irrigated,Woody,0,0
2022,Mid,A,Ambient,Graminoids,220.8,55.2
2022,Mid,A,Ambient,Forbs,51.2,12.8
2022,Mid,A,Ambient,Legumes,33.2,8.3
2022,Mid,A,Ambient,Bryophytes,0,0
2022,Mid,A,Ambient,Dead,0,0
2022,Mid,A,Ambient,Woody,0,0
2022,Mid,A,Procedural,Graminoids,123.2,30.8
2022,Mid,A,Procedural,Forbs,29.2,7.3
2022,Mid,A,Procedural,Legumes,121.6,30.4
2022,Mid,A,Procedural,Bryophytes,0,0
2022,Mid,A,Procedural,Dead,0,0
2022,Mid,A,Procedural,Woody,0,0
2022,Mid,A,Drought,Graminoids,69.6,17.4
2022,Mid,A,Drought,Bryophytes,0,0
2022,Mid,A,Drought,Forbs,10,2.5
2022,Mid,A,Drought,Dead,0,0
2022,Mid,A,Drought,Legumes,0,0
2022,Mid,A,Drought,Woody,0,0
2022,Mid,A,Irrigated,Graminoids,196,49
2022,Mid,A,Irrigated,Woody,0,0
2022,Mid,A,Irrigated,Forbs,11.2,2.8
2022,Mid,A,Irrigated,Dead,0,0
2022,Mid,A,Irrigated,Legumes,71.2,17.8
2022,Mid,A,Irrigated,Bryophytes,0,0
2022,Mid,B,Ambient,Dead,0,0
2022,Mid,B,Ambient,Graminoids,122,30.5
2022,Mid,B,Ambient,Forbs,99.6,24.9
2022,Mid,B,Ambient,Legumes,81.2,20.3
2022,Mid,B,Ambient,Woody,8,2
2022,Mid,B,Ambient,Bryophytes,0.4,0.1
2022,Mid,B,Procedural,Woody,0,0
2022,Mid,B,Procedural,Graminoids,197.6,49.4
2022,Mid,B,Procedural,Dead,0,0
2022,Mid,B,Procedural,Forbs,57.6,14.4
2022,Mid,B,Procedural,Bryophytes,0,0
2022,Mid,B,Procedural,Legumes,150.4,37.6
2022,Mid,B,Drought,Woody,0,0
2022,Mid,B,Drought,Graminoids,219.2,54.8
2022,Mid,B,Drought,Dead,0,0
2022,Mid,B,Drought,Forbs,34,8.5
2022,Mid,B,Drought,Bryophytes,0,0
2022,Mid,B,Drought,Legumes,15.6,3.9
2022,Mid,B,Irrigated,Dead,0,0
2022,Mid,B,Irrigated,Graminoids,130.8,32.7
2022,Mid,B,Irrigated,Woody,0,0
2022,Mid,B,Irrigated,Forbs,6,1.5
2022,Mid,B,Irrigated,Legumes,14.4,3.6
2022,Mid,B,Irrigated,Bryophytes,0,0
2022,Mid,C,Ambient,Bryophytes,0,0
2022,Mid,C,Ambient,Graminoids,150.8,37.7
2022,Mid,C,Ambient,Dead,0,0
2022,Mid,C,Ambient,Forbs,10.8,2.7
2022,Mid,C,Ambient,Legumes,20.8,5.2
2022,Mid,C,Ambient,Woody,0.4,0.1
2022,Mid,C,Procedural,Graminoids,130.4,32.6
2022,Mid,C,Procedural,Dead,0,0
2022,Mid,C,Procedural,Forbs,36.8,9.2
2022,Mid,C,Procedural,Woody,0,0
2022,Mid,C,Procedural,Legumes,42.4,10.6
2022,Mid,C,Procedural,Bryophytes,0,0
2022,Mid,C,Drought,Graminoids,111.6,27.9
2022,Mid,C,Drought,Woody,0,0
2022,Mid,C,Drought,Forbs,39.6,9.9
2022,Mid,C,Drought,Dead,0,0
2022,Mid,C,Drought,Legumes,58.4,14.6
2022,Mid,C,Drought,Bryophytes,0,0
2022,Mid,C,Irrigated,Graminoids,194.4,48.6
2022,Mid,C,Irrigated,Dead,0,0
2022,Mid,C,Irrigated,Forbs,4.4,1.1
2022,Mid,C,Irrigated,Woody,0,0
2022,Mid,C,Irrigated,Legumes,24,6
2022,Mid,C,Irrigated,Bryophytes,0,0
2022,Mid,D,Ambient,Graminoids,142.8,35.7
2022,Mid,D,Ambient,Woody,0,0
2022,Mid,D,Ambient,Forbs,14,3.5
2022,Mid,D,Ambient,Dead,0,0
2022,Mid,D,Ambient,Legumes,26.8,6.7
2022,Mid,D,Ambient,Bryophytes,2,0.5
2022,Mid,D,Procedural,Woody,0,0
2022,Mid,D,Procedural,Graminoids,189.2,47.3
2022,Mid,D,Procedural,Dead,0,0
2022,Mid,D,Procedural,Forbs,12.4,3.1
2022,Mid,D,Procedural,Bryophytes,0,0
2022,Mid,D,Procedural,Legumes,33.2,8.3
2022,Mid,D,Drought,Woody,0,0
2022,Mid,D,Drought,Graminoids,44.4,11.1
2022,Mid,D,Drought,Bryophytes,0,0
2022,Mid,D,Drought,Forbs,30.4,7.6
2022,Mid,D,Drought,Dead,0,0
2022,Mid,D,Drought,Legumes,29.6,7.4
2022,Mid,D,Irrigated,Dead,0,0
2022,Mid,D,Irrigated,Graminoids,164,41
2022,Mid,D,Irrigated,Woody,0,0
2022,Mid,D,Irrigated,Forbs,44,11
2022,Mid,D,Irrigated,Legumes,68.8,17.2
2022,Mid,D,Irrigated,Bryophytes,2,0.5
2022,Mid,E,Ambient,Dead,0,0
2022,Mid,E,Ambient,Graminoids,245.2,61.3
2022,Mid,E,Ambient,Woody,0,0
2022,Mid,E,Ambient,Forbs,32.4,8.1
2022,Mid,E,Ambient,Bryophytes,0,0
2022,Mid,E,Ambient,Legumes,23.2,5.8
2022,Mid,E,Procedural,Woody,0,0
2022,Mid,E,Procedural,Graminoids,167.6,41.9
2022,Mid,E,Procedural,Dead,0,0
2022,Mid,E,Procedural,Forbs,68,17
2022,Mid,E,Procedural,Bryophytes,0,0
2022,Mid,E,Procedural,Legumes,46.8,11.7
2022,Mid,E,Drought,Woody,0,0
2022,Mid,E,Drought,Graminoids,47.2,11.8
2022,Mid,E,Drought,Dead,0,0
2022,Mid,E,Drought,Forbs,9.2,2.3
2022,Mid,E,Drought,Bryophytes,0,0
2022,Mid,E,Drought,Legumes,4,1
2022,Mid,E,Irrigated,Woody,0,0
2022,Mid,E,Irrigated,Graminoids,115.2,28.8
2022,Mid,E,Irrigated,Dead,0,0
2022,Mid,E,Irrigated,Forbs,20.4,5.1
2022,Mid,E,Irrigated,Bryophytes,0,0
2022,Mid,E,Irrigated,Legumes,23.6,5.9
2022,End,A,Ambient,Graminoids,2,0.5
2022,End,A,Ambient,Legumes,1.2,0.3
2022,End,A,Ambient,Bryophytes,0.8,0.2
2022,End,A,Ambient,Dead,2,0.5
2022,End,A,Ambient,Woody,0,0
2022,End,A,Ambient,Forbs,0,0
2022,End,A,Procedural,Graminoids,2.4,0.6
2022,End,A,Procedural,Legumes,0.8,0.2
2022,End,A,Procedural,Bryophytes,0,0
2022,End,A,Procedural,Dead,2,0.5
2022,End,A,Procedural,Woody,0,0
2022,End,A,Procedural,Forbs,0,0
2022,End,A,Irrigated,Graminoids,2.8,0.7
2022,End,A,Irrigated,Legumes,0.8,0.2
2022,End,A,Irrigated,Bryophytes,0,0
2022,End,A,Irrigated,Dead,1.6,0.4
2022,End,A,Irrigated,Woody,0,0
2022,End,A,Irrigated,Forbs,0,0
2022,End,A,Drought,Graminoids,0.4,0.1
2022,End,A,Drought,Legumes,0,0
2022,End,A,Drought,Bryophytes,0,0
2022,End,A,Drought,Dead,0,0
2022,End,A,Drought,Woody,0,0
2022,End,A,Drought,Forbs,0,0
2022,End,B,Ambient,Graminoids,1.2,0.3
2022,End,B,Ambient,Legumes,0,0
2022,End,B,Ambient,Bryophytes,0,0
2022,End,B,Ambient,Dead,1.6,0.4
2022,End,B,Ambient,Woody,0,0
2022,End,B,Ambient,Forbs,0,0
2022,End,B,Procedural,Graminoids,1.6,0.4
2022,End,B,Procedural,Legumes,0.8,0.2
2022,End,B,Procedural,Bryophytes,0,0
2022,End,B,Procedural,Dead,1.6,0.4
2022,End,B,Procedural,Woody,0,0
2022,End,B,Procedural,Forbs,0,0
2022,End,B,Irrigated,Graminoids,7.2,1.8
2022,End,B,Irrigated,Legumes,0.8,0.2
2022,End,B,Irrigated,Bryophytes,0,0
2022,End,B,Irrigated,Dead,3.2,0.8
2022,End,B,Irrigated,Woody,0,0
2022,End,B,Irrigated,Forbs,0,0
2022,End,B,Drought,Graminoids,1.2,0.3
2022,End,B,Drought,Legumes,1.2,0.3
2022,End,B,Drought,Bryophytes,0.8,0.2
2022,End,B,Drought,Dead,2,0.5
2022,End,B,Drought,Woody,0,0
2022,End,B,Drought,Forbs,0,0
2022,End,C,Ambient,Graminoids,6.8,1.7
2022,End,C,Ambient,Legumes,1.2,0.3
2022,End,C,Ambient,Bryophytes,0.4,0.1
2022,End,C,Ambient,Dead,4.8,1.2
2022,End,C,Ambient,Woody,0,0
2022,End,C,Ambient,Forbs,0.4,0.1
2022,End,C,Procedural,Graminoids,6.4,1.6
2022,End,C,Procedural,Legumes,0.4,0.1
2022,End,C,Procedural,Bryophytes,0,0
2022,End,C,Procedural,Dead,3.6,0.9
2022,End,C,Procedural,Woody,0,0
2022,End,C,Procedural,Forbs,0.8,0.2
2022,End,C,Irrigated,Graminoids,5.2,1.3
2022,End,C,Irrigated,Legumes,0.8,0.2
2022,End,C,Irrigated,Bryophytes,0,0
2022,End,C,Irrigated,Dead,2.8,0.7
2022,End,C,Irrigated,Woody,0,0
2022,End,C,Irrigated,Forbs,0.8,0.2
2022,End,C,Drought,Graminoids,0.8,0.2
2022,End,C,Drought,Legumes,0,0
2022,End,C,Drought,Bryophytes,0,0
2022,End,C,Drought,Dead,0.4,0.1
2022,End,C,Drought,Woody,0,0
2022,End,C,Drought,Forbs,0.8,0.2
2022,End,D,Ambient,Graminoids,7.2,1.8
2022,End,D,Ambient,Legumes,0.8,0.2
2022,End,D,Ambient,Bryophytes,0.4,0.1
2022,End,D,Ambient,Dead,7.2,1.8
2022,End,D,Ambient,Woody,0,0
2022,End,D,Ambient,Forbs,0,0
2022,End,D,Procedural,Graminoids,8,2
2022,End,D,Procedural,Legumes,0.4,0.1
2022,End,D,Procedural,Bryophytes,0.4,0.1
2022,End,D,Procedural,Dead,4.8,1.2
2022,End,D,Procedural,Woody,0,0
2022,End,D,Procedural,Forbs,2.4,0.6
2022,End,D,Irrigated,Graminoids,2.8,0.7
2022,End,D,Irrigated,Legumes,0.8,0.2
2022,End,D,Irrigated,Bryophytes,0.4,0.1
2022,End,D,Irrigated,Dead,4.4,1.1
2022,End,D,Irrigated,Woody,0,0
2022,End,D,Irrigated,Forbs,0.4,0.1
2022,End,D,Drought,Graminoids,0.4,0.1
2022,End,D,Drought,Legumes,0,0
2022,End,D,Drought,Bryophytes,0,0
2022,End,D,Drought,Dead,0,0
2022,End,D,Drought,Woody,0,0
2022,End,D,Drought,Forbs,0,0
2022,End,E,Ambient,Graminoids,2.8,0.7
2022,End,E,Ambient,Legumes,0,0
2022,End,E,Ambient,Bryophytes,0,0
2022,End,E,Ambient,Dead,2,0.5
2022,End,E,Ambient,Woody,0,0
2022,End,E,Ambient,Forbs,0,0
2022,End,E,Procedural,Graminoids,2,0.5
2022,End,E,Procedural,Legumes,0,0
2022,End,E,Procedural,Bryophytes,0,0
2022,End,E,Procedural,Dead,0.8,0.2
2022,End,E,Procedural,Woody,0,0
2022,End,E,Procedural,Forbs,0,0
2022,End,E,Irrigated,Graminoids,4.8,1.2
2022,End,E,Irrigated,Legumes,0.4,0.1
2022,End,E,Irrigated,Bryophytes,0,0
2022,End,E,Irrigated,Dead,2.4,0.6
2022,End,E,Irrigated,Woody,0,0
2022,End,E,Irrigated,Forbs,0,0
2022,End,E,Drought,Graminoids,0.4,0.1
2022,End,E,Drought,Legumes,0,0
2022,End,E,Drought,Bryophytes,0,0
2022,End,E,Drought,Dead,0,0
2022,End,E,Drought,Woody,0,0
2022,End,E,Drought,Forbs,0,0
2023,Mid,A,Ambient,Graminoids,290.8,72.7
2023,Mid,A,Ambient,Forbs,10,2.5
2023,Mid,A,Ambient,Legumes,6,1.5
2023,Mid,A,Procedural,Graminoids,322.4,80.6
2023,Mid,A,Procedural,Forbs,33.2,8.3
2023,Mid,A,Procedural,Legumes,19.6,4.9
2023,Mid,A,Drought,Graminoids,39.2,9.8
2023,Mid,A,Drought,Forbs,14,3.5
2023,Mid,A,Drought,Legumes,0,0
2023,Mid,A,Irrigated,Graminoids,144,36
2023,Mid,A,Irrigated,Forbs,11.2,2.8
2023,Mid,A,Irrigated,Legumes,12.8,3.2
2023,Mid,B,Ambient,Graminoids,216.8,54.2
2023,Mid,B,Ambient,Forbs,26,6.5
2023,Mid,B,Ambient,Legumes,42.8,10.7
2023,Mid,B,Procedural,Graminoids,280.8,70.2
2023,Mid,B,Procedural,Forbs,28.8,7.2
2023,Mid,B,Procedural,Legumes,70,17.5
2023,Mid,B,Drought,Graminoids,429.6,107.4
2023,Mid,B,Drought,Forbs,34,8.5
2023,Mid,B,Drought,Legumes,0.8,0.2
2023,Mid,B,Irrigated,Graminoids,174.8,43.7
2023,Mid,B,Irrigated,Forbs,1.6,0.4
2023,Mid,B,Irrigated,Legumes,4.4,1.1
2023,Mid,C,Ambient,Graminoids,93.6,23.4
2023,Mid,C,Ambient,Forbs,0.4,0.1
2023,Mid,C,Ambient,Legumes,6,1.5
2023,Mid,C,Procedural,Graminoids,114.8,28.7
2023,Mid,C,Procedural,Forbs,0.4,0.1
2023,Mid,C,Procedural,Legumes,8.4,2.1
2023,Mid,C,Drought,Graminoids,339.2,84.8
2023,Mid,C,Drought,Forbs,22,5.5
2023,Mid,C,Drought,Legumes,36,9
2023,Mid,C,Irrigated,Graminoids,176.8,44.2
2023,Mid,C,Irrigated,Forbs,22.8,5.7
2023,Mid,C,Irrigated,Legumes,14.8,3.7
2023,Mid,D,Ambient,Graminoids,96.8,24.2
2023,Mid,D,Ambient,Forbs,0.4,0.1
2023,Mid,D,Ambient,Legumes,0.8,0.2
2023,Mid,D,Procedural,Graminoids,218.8,54.7
2023,Mid,D,Procedural,Forbs,28.8,7.2
2023,Mid,D,Procedural,Legumes,12.8,3.2
2023,Mid,D,Drought,Graminoids,186.4,46.6
2023,Mid,D,Drought,Forbs,100.4,25.1
2023,Mid,D,Drought,Legumes,16,4
2023,Mid,D,Irrigated,Graminoids,289.2,72.3
2023,Mid,D,Irrigated,Forbs,31.6,7.9
2023,Mid,D,Irrigated,Legumes,1.2,0.3
2023,Mid,E,Ambient,Graminoids,335.2,83.8
2023,Mid,E,Ambient,Forbs,17.6,4.4
2023,Mid,E,Ambient,Legumes,0.8,0.2
2023,Mid,E,Procedural,Graminoids,157.6,39.4
2023,Mid,E,Procedural,Forbs,31.6,7.9
2023,Mid,E,Procedural,Legumes,37.2,9.3
2023,Mid,E,Drought,Graminoids,282.8,70.7
2023,Mid,E,Drought,Forbs,22.8,5.7
2023,Mid,E,Drought,Legumes,8.4,2.1
2023,Mid,E,Irrigated,Graminoids,207.6,51.9
2023,Mid,E,Irrigated,Forbs,5.6,1.4
2023,Mid,E,Irrigated,Legumes,3.6,0.9
2023,End,A,Ambient,,78.8,19.7
2023,End,A,Procedural,,116,29
2023,End,A,Irrigated,,73.2,18.3
2023,End,A,Drought,,10,2.5
2023,End,B,Ambient,,110,27.5
2023,End,B,Procedural,,94.8,23.7
2023,End,B,Irrigated,,45.6,11.4
2023,End,B,Drought,,76.8,19.2
2023,End,C,Ambient,,68.8,17.2
2023,End,C,Procedural,,94.4,23.6
2023,End,C,Irrigated,,35.2,8.8
2023,End,C,Drought,,61.6,15.4
2023,End,D,Ambient,,35.2,8.8
2023,End,D,Procedural,,64,16
2023,End,D,Irrigated,,118.4,29.6
2023,End,D,Drought,,35.2,8.8
2023,End,E,Ambient,,97.6,24.4
2023,End,E,Procedural,,51.6,12.9
2023,End,E,Irrigated,,90,22.5
2023,End,E,Drought,,34.4,8.6
2024,Mid,A,Ambient,Graminoids,56.4,14.1
2024,Mid,A,Ambient,Forbs,5.5,1.375
2024,Mid,A,Ambient,Legumes,13.2,3.3
2024,Mid,A,Procedural,Graminoids,113.4,28.35
2024,Mid,A,Procedural,Forbs,5.4,1.35
2024,Mid,A,Procedural,Legumes,18.8,4.7
2024,Mid,A,Irrigated,Graminoids,44.8,11.2
2024,Mid,A,Irrigated,Forbs,5.8,1.45
2024,Mid,A,Irrigated,Legumes,3.4,0.85
2024,Mid,A,Drought,Graminoids,38.5,9.625
2024,Mid,A,Drought,Forbs,11.5,2.875
2024,Mid,A,Drought,Legumes,21.2,5.3
2024,Mid,B,Ambient,Graminoids,72.1,18.025
2024,Mid,B,Ambient,Forbs,13.2,3.3
2024,Mid,B,Ambient,Legumes,18.6,4.65
2024,Mid,B,Procedural,Graminoids,98.5,24.625
2024,Mid,B,Procedural,Forbs,2.2,0.55
2024,Mid,B,Procedural,Legumes,19.4,4.85
2024,Mid,B,Irrigated,Graminoids,100.7,25.175
2024,Mid,B,Irrigated,Forbs,5.7,1.425
2024,Mid,B,Irrigated,Legumes,1.5,0.375
2024,Mid,B,Drought,Graminoids,74.1,18.525
2024,Mid,B,Drought,Forbs,0.8,0.2
2024,Mid,B,Drought,Legumes,5.6,1.4
2024,Mid,C,Ambient,Graminoids,41.2,10.3
2024,Mid,C,Ambient,Forbs,4.2,1.05
2024,Mid,C,Ambient,Legumes,4.6,1.15
2024,Mid,C,Procedural,Graminoids,54.6,13.65
2024,Mid,C,Procedural,Forbs,3.9,0.975
2024,Mid,C,Procedural,Legumes,2.8,0.7
2024,Mid,C,Irrigated,Graminoids,102.6,25.65
2024,Mid,C,Irrigated,Forbs,9.1,2.275
2024,Mid,C,Irrigated,Legumes,3.1,0.775
2024,Mid,C,Drought,Graminoids,50.4,12.6
2024,Mid,C,Drought,Forbs,8.4,2.1
2024,Mid,C,Drought,Legumes,7.1,1.775
2024,Mid,D,Ambient,Graminoids,48.4,12.1
2024,Mid,D,Ambient,Forbs,6.3,1.575
2024,Mid,D,Ambient,Legumes,2.9,0.725
2024,Mid,D,Procedural,Graminoids,59,14.75
2024,Mid,D,Procedural,Forbs,3.5,0.875
2024,Mid,D,Procedural,Legumes,9,2.25
2024,Mid,D,Irrigated,Graminoids,96.4,24.1
2024,Mid,D,Irrigated,Forbs,10,2.5
2024,Mid,D,Irrigated,Legumes,5,1.25
2024,Mid,D,Drought,Graminoids,101.8,25.45
2024,Mid,D,Drought,Forbs,7.1,1.775
2024,Mid,D,Drought,Legumes,2.8,0.7
2024,Mid,E,Ambient,Graminoids,93.3,23.325
2024,Mid,E,Ambient,Forbs,3.2,0.8
2024,Mid,E,Ambient,Legumes,10.1,2.525
2024,Mid,E,Procedural,Graminoids,59.1,14.775
2024,Mid,E,Procedural,Forbs,12.2,3.05
2024,Mid,E,Procedural,Legumes,12.8,3.2
2024,Mid,E,Irrigated,Graminoids,50.4,12.6
2024,Mid,E,Irrigated,Forbs,9.2,2.3
2024,Mid,E,Irrigated,Legumes,13,3.25
2024,Mid,E,Drought,Graminoids,65,16.25
2024,Mid,E,Drought,Forbs,4.9,1.225
2024,Mid,E,Drought,Legumes,9.1,2.275
2024,End,A,Ambient,,13.4,3.35
2024,End,A,Procedural,,23,5.75
2024,End,A,Irrigated,,14,3.5
2024,End,A,Drought,,1.6,0.4
2024,End,B,Ambient,,23.4,5.85
2024,End,B,Procedural,,38.3,9.575
2024,End,B,Irrigated,,11.4,2.85
2024,End,B,Drought,,2.2,0.55
2024,End,C,Ambient,,16.1,4.025
2024,End,C,Procedural,,33.8,8.45
2024,End,C,Irrigated,,19.8,4.95
2024,End,C,Drought,,1.6,0.4
2024,End,D,Ambient,,11.3,2.825
2024,End,D,Procedural,,14.5,3.625
2024,End,D,Irrigated,,24.1,6.025
2024,End,D,Drought,,4,1
2024,End,E,Ambient,,1.6,0.4
2024,End,E,Procedural,,17.4,4.35
2024,End,E,Irrigated,,22.6,5.65
2024,End,E,Drought,,26,6.5